"tên","thời gian","số người","độ khó","nguyên liệu","cách chế biến"
"Udon Xào Sốt Bơ Đậu Phộng – Hương Vị Nhật Bản, Dễ Làm Tại Nhà","30p","4 người ăn","Vừa","200 gram mì udon | 1 muỗng cà phê Hạt nêm Knorr Thịt Thăn Xương Ống và Tủy | 150 gram thăn heo thái mỏng | 50 gram cà rốt thái sợi | 50 gram bông cải xanh baby | 50 gram ớt chuông thái sợi | 10 gram đậu phộng giã | 5 gram hành lá | 1 muỗng canh dầu ăn | 2 muỗng canh (30 gram) bơ đậu phộng | 1 - 2 muỗng cà phê sa tế | 1 muỗng cà phê gừng bào | 1/2 muỗng cà phê dầu mè | 1 muỗng cà phê giấm gạo | 1 muỗng cà phê đường nâu | 1 muỗng canh tương ớt Knorr","Trộn tất cả các nguyên liệu sốt với nhau | Thêm chút nước nóng để dễ hòa tan | Trộn đến khi được hỗn hợp sánh đều | Đun nóng chảo với dầu, xào thịt và rau củ tầm 7 - 8 phút hoặc đến khi chín tới, nêm Hạt nêm Knorr | Trụng nóng mì Udon, rưới sốt đậu phộng lên đảo đều | Trình bày mì ra đĩa, để rau củ thịt xào lên trên, rắc hành lá và đậu phộng giã"
"Cháo yến mạch thịt bò rau củ: Dinh dưỡng cho cả nhà","50p","4 người ăn","Vừa","50 gram yến mạch | 1/2 củ hành tây thái hạt lựu | 30 gram cà rốt thái hạt lựu | 30 gram cần tây thái hạt lựu | 2 tép tỏi băm | 1 nhánh lá xạ hương (thyme) | 100 gram bò bằm | 50 gram đậu hà lan bi | 50 gram bắp ngọt | 150 mililit sữa tươi không đường | 3 chén nước (750 mililit) nước | 1 muỗng canh (15 gram) Hạt nêm Knorr Thịt Thăn Xương Ống và Tủy | 5 gram tiêu, hành lá trang trí | 1 muỗng canh (15 mililit) dầu ôliu | 30 gram bơ lạt","Đun nóng nồi với dầu ôliu, cho bò vào xào tầm 7-10 phút hoặc đến khi vàng nâu, lấy thịt ra và chắt dầu mỡ | Cho bơ lạt, hành tây, cà rốt, cần tây vào xào lửa nhỏ tầm 5 phút, thêm tỏi băm và xạ hương xào 1-2 phút | Cho yến mạch vào xào thêm 2-3 phút | Cho nước, sữa và thịt bò vào ninh 20-25 phút | Nêm Hạt nêm Knorr Thịt Thăn Xương Ống và Tủy | Cho đậu hà lan và bắp ngọt vào ninh thêm 5 phút | Trang trí với tiêu, hành lá, dùng nóng"
"Canh mướp nấu mực: Món canh thanh đạm từ Knorr","20p","4 người ăn","Vừa","200 gram mướp hương cắt miếng vừa ăn | 100 gram mồng tơi thái nhỏ | 200 gram mực cơm làm sạch | 1 muỗng canh hành tím, tỏi băm | 1 muỗng canh (15 gram) Hạt nêm Knorr Thịt Thăn Xương Ống và Tủy | 1 muỗng cà phê (3 - 5 mililit) Nước mắm Knorr Ngon Tròn Vị | 4 chén (1 lít) nước | 1 muỗng canh dầu ăn | 5 gram tiêu, ngò trang trí","Đun nóng chảo dầu, phi thơm hành, tỏi | Cho mực cơm vào xào lửa lớn 2 - 3 phút, nêm Nước mắm Knorr | Đổ nước vào và đun sôi | Hạ lửa, cho mướp và rau mồng tơi vào nấu 5 - 7 phút | Nêm Hạt nêm Knorr Thịt Thăn Xương Ống và Tủy | Trang trí với tiêu, ngò, dùng nóng"
"Canh Khoai Mỡ Nấu Sườn – Món Ăn Bổ Dưỡng Cho Gia Đình","60p","4 người ăn","Vừa","400 gram khoai mỡ nghiền | 300 gram sườn non | 1 muỗng canh (15 gram) Hạt nêm Knorr Thịt Thăn Xương Ống và Tủy | 1 nắm ngò om, ngò gai thái nhuyễn | 4 chén (1 lít) nước","Đun nóng nồi nước, cho sườn non vào ninh 20 - 25 phút đến khi thịt mềm, vớt bọt để nước trong | Nêm Hạt nêm Knorr Thịt Thăn Xương Ống và Tủy vào nước dùng | Cho khoai mỡ vào khuấy đều và nấu 10 - 15 phút | Nêm lại cho vừa miệng | Rắc ngò om và ngò gai, dùng nóng"
"Nấm Mỡ Nhồi Rau Củ Tẩm Thịt - Sáng Tạo Mới Lạ Từ Knorr","35p","4 người ăn","Vừa","8 cái nấm mỡ to bỏ chân | 150 gram thịt heo xay | 150 gram tôm xay | 1 lòng đỏ trứng | 2 lá lá lốt thái nhuyễn | 50 gram cà rốt băm | 2 muỗng canh (30 gram) hành tím, tỏi băm | 1 muỗng cà phê (5 gram) Hạt nêm Knorr Thịt Thăn Xương Ống và Tủy | 1 muỗng cà phê (3-5 mililit) Nước mắm Knorr Ngon Tròn Vị | 2 muỗng canh dầu ăn | 4 trái cà chua cắt nhuyễn | 2 muỗng canh tương cà | 1 chén (250 mililit) nước | 5 gram tiêu, lá quế tây, phô mai bột nếu có","Trộn đều tôm, thịt và các nguyên liệu nhân, ướp với Hạt nêm Knorr và Nước mắm Knorr trong 15 phút | Nhồi phần nhân thịt vào nấm | Đun nóng chảo với dầu, áp chảo phần thịt 3-4 phút cho lên màu, áp chảo phần nấm 2-3 phút rồi lấy ra | Phi thơm hành tỏi, cho cà chua vào xào mềm | Đổ nước, tương cà và nêm Hạt nêm Knorr, Nước mắm Knorr | Cho nấm nhồi lại vào và ninh đến khi sốt sệt | Trang trí với tiêu, lá quế tây và phô mai bột, dùng nóng"
"Trứng Hấp Rau Củ Ngũ Sắc - Món Ăn Đẹp Mắt, Bổ Dưỡng","20p","4 người ăn","Vừa","4 trái trứng gà đánh | nấm đông cô thái lát | 20 gram bắp non thái nhỏ | 10 gram hành tây thái hạt lựu | 20 gram cà rốt thái hạt lựu | 20 gram măng tây thái nhỏ | 1 muỗng cà phê Hạt nêm Knorr Thịt Thăn Xương Ống và Tủy | 1 muỗng cà phê Nước mắm Knorr Ngon Tròn Vị | 1/2 chén nước | 5 gram dầu mè, tiêu trang trí","Đánh đều trứng với nước, hành tây, Hạt nêm Knorr và Nước mắm Knorr | Trụng sơ nấm và rau củ trong nước sôi 1-2 phút | Vớt rau củ ra và cho vào hỗn hợp trứng | Đổ hỗn hợp trứng vào tô hoặc khuôn | Hấp 10-15 phút cho chín | Trang trí với tiêu và chút dầu mè, dùng nóng"
"Đậu Hủ Kim Tiền Kho - Công Thức Món Chay Ngon Đậm Đà","60p","4 người ăn","Cực","400 gram nấm hương cắt hột lựu | 200 gram nấm mèo | 1 muỗng canh hành tím, tỏi băm | 1 củ cà rốt cắt hạt lựu | 3 muỗng cà phê Hạt nêm Nấm Knorr | 1 muỗng canh dầu hào | 1 chén (250 mililit) nước hoặc nước dùng rau củ | 1 muỗng canh tương cà, tương ớt | 7 gram ớt, tiêu, hành lá trang trí | 1 -2 muỗng canh dầu thực vật","Cắt nhỏ nấm hương, cà rốt, nấm mèo và trộn cùng phần ruột đậu hũ | Nêm nhân với đường, tiêu và hạt nêm Knorr nấm hương | Cho hỗn hợp vào lại phần vỏ đậu hũ, dùng hẹ luộc buộc miệng | Pha nước sốt kho với tương ớt, hạt nêm chay Knorr nấm hương Organic và nước tương | Đun sôi sốt rồi cho đậu hủ kim tiền vào trở đều cho chín | Cho nấm, mộc nhĩ và cà rốt đã cắt nhỏ, đun đến khi nước sền sệt | Xếp cà rốt tỉa hoa, ngò rí và ớt xuống đáy, đổ thịt vào khuôn, để tủ lạnh 4-5 tiếng là có thể thưởng thức"
"Cà Ri Chay - Công Thức Món Chay Ngon Đậm Đà","35p","3 người ăn","Vừa","100 gram khoai môn hoặc khoai lang cắt miếng vừa ăn | 100 gram cà rốt | 50 gram bắp non | 100 gram cà tím cắt miếng vừa ăn | 100 gram nấm rơm | 6 - 8 cái nấm đông cô khô ngâm nước | 2 bìa đậu hũ chiên miếng vừa ăn | 3 cây sả băm | 1 trái ớt băm | 1 muỗng canh bột cà ri | 1 cái hoa hồi | 1 lá cà ri | 1,5 muỗng canh Hạt nêm Nấm Knorr | 700 mililit nước dừa tươi | 1 lon (200 - 300 mililit) nước cốt dừa","Chiên sơ khoai và cà tím cho vàng và săn lại, để riêng | Đun nóng chảo dầu, phi thơm sả băm, ớt, bột cà ri, hoa hồi | Cho 1/2 lượng nước cốt dừa và hạt nêm nấm Knorr vào đảo đến khi sánh quyện | Cho nước dừa tươi, nấm, rau củ, lá cà ri vào ninh 20-25 phút | Cho đậu hũ vào và nêm lại vừa vị | Trang trí với lá quế ta, ớt, dùng nóng, có thể rắc thêm các loại hạt"
"Khoai Sọ Kho Tiêu - Công Thức Món Chay Ngon Đậm Đà","40p","4 người ăn","Cực","400 gram khoai sọ gọt vỏ ngâm nước muối | 1 muỗng canh hành tím, tỏi băm | 4 nhánh tiêu xanh dập | 4 muỗng cà phê Hạt nêm nấm Knorr | 1 muỗng cà phê nước màu dừa | 1 trái nước dừa tươi | 7 gram tiêu, ớt trang trí","Luộc sơ khoai sọ trong nước muối loãng 4-5 phút, vớt ra để ráo | Phi thơm hành tím, tỏi, tiêu xanh | Cho khoai sọ vào xào với hạt nêm và nước màu cho thấm vị | Cho nước dừa tươi vào và ninh đến khi nước sánh lại | Nêm lại với hạt nêm Knorr | Trang trí với ớt, tiêu, hành lá, dùng nóng"
"Cá Trắm Kho Riềng Làng Vũ Đại - Món Ngon Ngày Tết Miền Bắc","140p","4 người ăn","Vừa","800 gram cá trắm đen | 150 gram riềng giã nát | 50 gram riềng củ đập dập | 4 quả ớt cay cắt nhỏ | 1 củ gừng đập dập hoặc thái lát | 1 muỗng canh muối | 1 muỗng canh nước cốt chanh | 1 muỗng cà phê mì chính | 1 muỗng cà phê đường | 2 muỗng canh Nước mắm Knorr Ngon Nguyên bản","Khử mùi tanh của cá cùng muối, gừng và nước cốt chanh | Cắt cá thành khoanh, để ráo nước | Lót riềng củ đập dập xuống đáy niêu, xếp cá thành lớp | Rải ớt, gừng và riềng đã giã hoặc xay lên trên | Đổ hỗn hợp nước mắm Knorr, đường, mì chính và nước cốt chanh | Kho cá trên lửa to, sau đó nhỏ lửa, đun liu riu đến khi cá mềm rục, ăn được cả xương"
"Thịt heo ngâm mắm - món ngon ngày tết miền Trung","55p","3 người ăn","Vừa","1.5 kilogram thịt ba chỉ heo | 500 mililit nước mắm Knorr Ngon Nguyên Bản | 400 gram đường | 1/2 túi chanh | 2 củ tỏi | 2 quả ớt sừng đỏ | 1 hủ thủy tinh | 1 khăn màn | 1 bó dây lạt để buộc","Thịt heo cắt 10 miếng, buộc bằng dây lạt, hấp lửa cao 30-35 phút | Đun 800cc nước cùng đường, đun nhỏ đến khi sệt lại rồi để nguội | Trộn nước mắm Knorr với đường, thêm ớt và tỏi băm nhỏ | Đổ thịt heo và mắm vào hũ, phủ trùm khăn kín để ngăn ruồi bọ | Ngâm trong 4-5 ngày | Khi ăn, thái lát mỏng, ăn cùng cơm hoặc rau sống"
"Thịt kho hột vịt truyền thống - món ngon ngày tết miền Nam","50p","4 người ăn","Vừa","500 gram ba chỉ heo loại ngon | 4 trái hột vịt luộc bóc vỏ | 3 tép hành tím, tỏi | 500 mililit nước dừa tươi | 1 muỗng cà phê nước màu dừa hoặc 2 muỗng cà phê nước màu caramel | 1/2 muỗng canh Hạt nêm Knorr Thịt Thăn, Xương Ống & Tuỷ | 1 muỗng canh nước mắm Knorr Ngon Nguyên Bản | 5 gram pepper, ớt, hành lá trang trí","Trụng sơ thịt, cắt miếng dày 2.5-3cm | Ướp thịt với hành tím, tỏi băm, hạt nêm Knorr, nước màu và nước mắm Knorr trong 15 phút | Cho thịt vào nồi, xào 2-3 phút để săn lại và lên màu nâu đỏ | Cho nước dừa vào vừa đủ ngập mặt thịt | Ninh lửa vừa, đậy nắp trong 30 phút | Mở nắp, cho trứng vào, tiếp tục ninh nhỏ lửa đến khi thịt chín mềm và sốt sánh | Nêm lại vừa vị, thêm tiêu và hành lá, dùng nóng"
"Mẹo chưng, hấp cá ngon đúng điệu cho bữa cơm gia đình","N/A","N/A","N/A","Cá | Rượu trắng | Giấm | Chanh | Muối | Nước vo gạo | Gừng | Tiêu | Hành | Sả | Ớt | Rau cần","Làm cá thật sạch, bỏ máu và màng trắng trong bụng cá | Với cá đồng, lấy đường gân trắng sát mang để cá bớt tanh | Có thể ướp cá với giấm hoặc rượu trắng khoảng 5 phút để giảm tanh | Rửa hoặc ngâm cá bằng nước cốt chanh pha loãng, không ngâm quá lâu | Có thể ngâm cá với nước muối loãng hoặc nước vo gạo | Khi hấp, thêm gừng, tiêu, hành, sả, ớt, rau cần để át mùi tanh và giữ vị đặc trưng"
"Bí quyết làm mềm thịt bò cho các món ăn thêm ngon","N/A","N/A","N/A","Thịt bò | Dầu ăn | Giấm | Rượu | Muối | Baking soda | Thơm | Kiwi | Chanh | Bã trà | Sữa chua","Đập thịt trước khi chế biến để thịt mềm và tơi hơn | Ướp thịt bò với dầu ăn khoảng 30 phút hoặc giấm/rượu khoảng 15 phút | Có thể thoa muối lên hai mặt thịt, để trong ngăn mát khoảng 1 giờ rồi rửa sạch | Ướp baking soda theo tỉ lệ vừa phải, để 15-20 phút hoặc lâu hơn rồi rửa sạch | Dùng trái cây có vị chua như thơm, kiwi, chanh để làm mềm thớ thịt | Khi nấu có thể thêm nước cốt chanh hoặc sữa chua | Thái ngang thớ và bỏ gân trước khi chế biến"
"Bí quyết hầm thực phẩm đơn giản và nhanh chóng","N/A","N/A","N/A","Xương | Muối | Hành tím nướng | Giấm ăn | Thơm | Hành tây | Gừng | Sả | Khoai tây | Cà rốt","Rửa xương bằng nước muối loãng rồi chần qua nước sôi để nước dùng trong hơn | Cho hành tím nướng vào nồi để nước hầm thơm, thường xuyên hớt bọt | Có thể dùng nồi áp suất để tiết kiệm thời gian và giữ dinh dưỡng | Nếu dùng nồi thường, đợi nước sôi rồi hạ lửa, hầm liu riu và không đậy kín nắp | Thêm một chút giấm ăn để xương nhanh mềm và thịt ngon ngọt | Có thể hầm cùng thơm, hành tây, gừng, sả, khoai tây, cà rốt để nước dùng ngọt hơn"
"Mẹo luộc rau ngon và tươi xanh cho cả gia đình","N/A","N/A","N/A","Rau củ | Muối | Dầu ăn | Giấm | Chanh | Nước đá","Dùng nồi to và cho rau ngập nước để rau chín đều | Không luộc quá nhiều rau cùng lúc để tránh rau chín không đều và bị thâm | Luộc rau với lửa lớn, đun sôi nước rồi cho muối vào trước khi cho rau | Có thể thêm ít dầu ăn để rau củ bóng đẹp | Thêm ít giấm hoặc chanh vào nước luộc để giữ màu rau | Mở nắp nồi khi luộc để rau xanh hơn | Không luộc rau quá chín, thời gian luộc thường khoảng 3-5 phút | Sau khi luộc, cho rau vào tô nước đá để rau giòn và xanh"
"Bí quyết xử lý mùi hành tây nhanh chóng và hiệu quả","N/A","N/A","N/A","Hành tây | Chanh | Giấm | Nước đá | Cá thác lác | Hải sản | Bột chiên giòn | Xúc xích | Rau củ","Thái hành tây khoanh mỏng rồi ngâm trong nước chanh hoặc giấm loãng khoảng 15 phút để bớt hăng | Có thể ngâm hành tây vào nước đá 3-5 phút để bớt hăng và giòn hơn | Với hành tây nhồi cá hấp, lấy bớt lõi hành, nhồi cá thác lác trộn gia vị rồi hấp khoảng 15 phút | Với hải sản chiên, thái hành tây khoanh, trộn cùng bột chiên giòn rồi nhúng tôm mực chiên ngập dầu | Với salad hành tây, trộn hành tây cùng xúc xích, ô-liu, cà chua, ớt Đà Lạt và sốt mù tạt"
"Bí quyết nêm nếm các món ăn ngon với chanh","N/A","N/A","N/A","Lá chanh | Nước cốt chanh | Rau salad | Cà ri | Món hấp | Món luộc | Món nướng | Món chiên | Nước sốt","Trộn vài lá chanh tươi cùng rau salad để món ăn thơm và kích thích vị giác | Khi nấu cà ri, cho vài lá chanh tươi hoặc khô vào nồi rồi vớt ra trước khi ăn | Nếu món canh hoặc nước hầm quá mặn, thêm một muỗng cà phê nước cốt chanh để trung hòa vị | Với món hấp, lót lá chanh dưới đáy nồi và phủ thêm lên nguyên liệu trước khi hấp | Với món luộc, thái nhuyễn lá chanh và rắc lên món ăn sau khi luộc | Với món nướng, trần sơ lá chanh rồi xiên cùng thịt để nướng | Với món chiên hoặc nước sốt, thái nhuyễn lá chanh trộn cùng nguyên liệu để tăng hương thơm"
"Mẹo ướp món nướng thêm thơm ngon và chuẩn vị","N/A","N/A","N/A","Thịt bò | Thịt heo ba chỉ | Sườn | Tôm | Mực | Chân gà | Hành tây | Hành tím | Tỏi | Sả | Hạt nêm Knorr | Dầu hào | Mật ong | Ngũ vị hương | Sa tế","Xay hành tây, hành tím, tỏi, sả rồi lọc lấy nước cốt để ướp thịt mềm và thơm hơn | Ướp thịt ba chỉ với nước cốt, hạt nêm Knorr, đường, tiêu, dầu hào, ngũ vị hương và mật ong | Ướp thịt bò tương tự và thêm dầu ăn để thịt mềm hơn | Với sườn nướng mật ong, trộn sườn cùng xì dầu, mật ong, dầu ăn, dầu mè, dầu hào, nước mắm, hành tỏi, tiêu, nước cốt dừa, Coca và nước cam | Với tôm nướng, ướp tôm với tiêu, muối, đường, ớt bột, dầu ăn và nước mắm | Với mực nướng, ướp mực với tỏi, hành khô, đường, sa tế và dầu hào | Với chân gà, chần sơ rồi ướp cùng mật ong, xì dầu, dầu hào, dầu mè, đường, ớt bột, tỏi, sả và gừng"
"Mẹo thái ớt không bị cay mắt nhanh chóng và hiệu quả","N/A","N/A","N/A","Ớt | Khoai tây | Nước đá | Dầu ăn | Dầu oliu | Đường | Giấm | Rượu | Tro bếp | Nước ấm | Nước rửa chén","Cắt một miếng khoai tây mỏng và thoa lên hai bên mặt dao trước khi thái ớt | Vừa thái ớt vừa nhúng dao vào thau nước | Cho ớt vào ngăn đá hoặc ngâm nước đá khoảng 10 phút trước khi thái | Thoa dầu ăn hoặc dầu oliu lên tay để tạo lớp bảo vệ | Mang bao tay nilon khi thái ớt để tránh bỏng rát | Nếu bị cay tay, xoa đường rồi rửa lại với xà phòng và nước sạch | Có thể dùng giấm, rượu, tro bếp hoặc nước ấm để giảm nóng rát | Sau khi thái ớt, rửa tay bằng nước rửa chén hoặc xà phòng có tính kiềm"
"Mẹo hấp cá ngon dành cho bà nội trợ hiện đại","N/A","N/A","N/A","500gr cá chép/cá diêu hồng/cá quả/cá trắm | 1 muỗng canh rượu gạo | 1/4 chén nước tương | Gừng tươi | Sả | Hành lá | Hành khô | Ớt tươi | Rau thì là | Dầu hào | Dầu ăn | Hạt nêm | Bột ngọt | Nước mắm","Làm sạch cá, đánh vẩy, chặt vây, dùng muối hạt và chanh chà xát thân cá để khử tanh | Mổ bụng cá, khứa chéo thân cá rồi để ráo | Băm một phần gừng và sả, phần còn lại thái sợi hoặc cắt khúc | Trộn gừng, sả băm, nước mắm, đường và tiêu để ướp cá khoảng 20 phút | Cho gừng cắt khúc vào bụng cá | Xếp thì là và gừng dưới đĩa, đặt cá lên, phủ thêm gừng và thì là | Rưới nước ướp cá, bọc giấy bạc rồi hấp cách thủy hoặc hấp trong lò vi sóng | Hấp khoảng 15 phút đến khi cá chín, dùng với cơm trắng hoặc bún tươi"
"Mẹo chế biến món nấm thơm ngon tự nhiên cho gia đình","N/A","N/A","N/A","Nấm tươi | Nấm khô | Muối | Nước | Gia vị thông dụng","Chọn nấm tươi có màu sáng, mùi thơm rơm, không nhăn, không thâm và cuống chắc | Chọn nấm khô kích thước vừa hoặc nhỏ, không mốc, không hư và không biến dạng | Với nấm tươi, sơ chế nhẹ tay để giữ độ giòn ngọt | Chuẩn bị nước muối theo tỉ lệ khoảng 4 thìa muối cho 2 lít nước, tước nấm và ngâm khoảng 20 phút | Rửa lại nấm cho sạch rồi vắt cạn nước | Sau khi sơ chế sạch, có thể dùng nấm cho các món xào, canh, kho hoặc nấu lại nhiều lần mà vẫn dai ngọt"
"Mẹo thái thịt nhanh và đẹp cho các món ăn gia đình","N/A","N/A","N/A","Thịt lợn | Thịt ba rọi | Thịt bò | Dao sắc | Thớt","Với thịt lợn, đặt dao thẳng đứng và thái dứt khoát, không thái theo thớ dọc | Với thịt ba rọi, đặt phần nạc hướng vào người, phần mỡ và da hướng lên trên rồi thái mạnh để da không tách khỏi nạc | Không thái thịt quá mỏng trước khi chế biến, trừ món thịt luộc | Dùng dao thật sắc để miếng thịt mỏng đẹp | Với thịt bò, thái ngang thớ để thịt mềm và đẹp sau khi nấu | Nếu thái thịt bò tươi, đặt lưỡi dao nghiêng ra ngoài, không thái thẳng đứng | Nên thái thịt bò thành miếng chữ nhật dài khoảng 3 đốt ngón tay"
"Cách sử dụng rượu trong nấu ăn để tăng hương vị món ăn","N/A","N/A","N/A","Rượu trắng | Rượu vang đỏ | Rượu gạo | Thịt | Cá đồng | Rau quả | Cơm | Vịt","Để bảo quản thịt không cần tủ lạnh, rửa sạch thịt, để ráo, nhúng vào rượu trắng rồi cho vào túi kín nơi thoáng mát | Cho rượu vào nước sốt ướp thịt trước khi nướng, thường 1 thìa súp rượu cho 1kg nguyên liệu | Khi cơm nửa sống nửa chín, thêm một thìa rượu, đậy vung và đun 5-10 phút | Có thể dùng rượu gạo để giảm vị chua khi lỡ tay cho nhiều giấm | Trước khi làm vịt, cho vịt uống khoảng 30ml rượu trắng để dễ nhổ lông | Trần sơ cá đồng với rượu để khử mùi bùn | Ướp thịt gà, vịt hoặc bò với rượu vang đỏ để thịt mềm và thơm hơn | Có thể dùng rượu rửa rau quả rồi rửa lại bằng nước sạch"
"Mẹo chữa cay nhanh chóng và hiệu quả cho cả nhà","N/A","N/A","N/A","Chanh | Khế | Cam | Dứa | Giấm | Sốt cà chua | Đường | Mật ong | Rau củ | Cà rốt | Khoai tây | Đậu cô ve | Sữa | Nước dùng | Đậu phộng | Bơ hạnh nhân | Tahini","Thêm vị chua từ chanh, khế, cam, dứa, giấm hoặc sốt cà chua để giảm độ cay | Thêm từng chút đường hoặc mật ong để trung hòa vị cay, tránh làm món quá ngọt | Cho rau củ cắt nhỏ như cà rốt, khoai tây, đậu cô ve vào món cay để hấp thụ bớt vị cay, sau đó vớt bỏ | Với lẩu hoặc súp quá cay, thêm lượng sữa vừa phải để làm dịu vị | Với món nước, thêm nước lọc hoặc nước dùng rồi nấu sôi trở lại | Với cà ri quá cay, có thể thêm đậu phộng, bơ hạnh nhân hoặc tahini"
"Mẹo nướng thịt không bị khô, an toàn cho sức khỏe","N/A","N/A","N/A","Thịt nạc | Cá | Nước sốt ướp | Gia vị nướng | Vỉ nướng | Giấy bạc | Rau củ ăn kèm","Chọn thịt nạc, ít mỡ để hạn chế mỡ cháy khét khi nướng | Ưu tiên cá vì ít béo và tốt cho sức khỏe | Ướp thực phẩm trước khi nướng để tăng hương vị và giảm nguy cơ tạo chất không tốt, nước sốt càng đặc càng hiệu quả | Không nướng trực tiếp trên lửa quá lớn trong thời gian dài | Có thể bọc giấy bạc hoặc nướng gián tiếp để thịt chín đều và ít khô | Ăn kèm rau củ để cân bằng khẩu vị"
"Bí quyết chế biến thịt mềm và ngon cho các bữa cơm","N/A","N/A","N/A","Thịt | Muối | Nước cốt cam | Chanh | Giấm | Rượu vang | Dầu ăn | Gia vị ướp","Dần thịt bằng búa, cán dao hoặc thanh cán bột để thịt mềm hơn, không dần quá nhiều để tránh nát | Với burger hoặc thịt viên, đập thịt lên xuống để loại bỏ bọt khí dư thừa | Ướp thịt bằng nước cốt cam, chanh, giấm hoặc rượu vang tối đa 30 phút đến 2 giờ tùy độ dai và kích thước | Ướp muối 1-2 giờ trước khi nấu rồi rửa sạch, thấm khô để thịt mềm hơn | Hầm, kho hoặc om ở nhiệt độ thấp trong thời gian dài để phá vỡ mô liên kết | Sau khi nấu, để thịt nghỉ khoảng 10 phút rồi mới cắt | Có thể áp chảo thịt trước khi nướng để thịt thơm và giữ nước"
"Bí quyết mua thịt tươi ngon dành cho các bà nội trợ","N/A","N/A","N/A","Thịt heo | Thịt bò | Thịt gà | Thịt tươi | Nơi bán thực phẩm an toàn","Quan sát bề mặt thịt, thịt heo tươi thường hơi se, lớp màng hơi khô, màu hồng sáng, da mềm và thớ săn chắc | Dùng tay ấn vào thịt, nếu không để lại vết hằn thì thịt còn đàn hồi tốt | Lớp mỡ thịt tươi có màu trắng trong hoặc hơi ngà, chắc và không gắt dầu | Nên chọn mua thực phẩm ở nơi an toàn như siêu thị hoặc chợ kiểm dịch | Với thịt bò, chọn thịt có màu tự nhiên, thớ mịn, độ đàn hồi tốt và không có mùi lạ | Chọn thịt phù hợp với món định nấu để món ăn đạt độ mềm ngon"
"Bí quyết chế biến món bò bít tết mềm ngon và đậm đà","N/A","N/A","N/A","500g thịt bò | 5 củ khoai tây | Hành tây | Pate | Dưa leo | Xà lách | 3 quả trứng gà | Giấm | Đường | Dầu ăn | Tiêu | Muối | Dầu hào | Bột năng | Bắp | Chảo gang | Hạt nêm Knorr","Chọn thịt bò mềm, tươi và còn nguyên miếng lớn | Phết dầu lên hai mặt thịt bò, ướp đường, tiêu và hạt nêm Knorr | Chuẩn bị khoai tây, hành tây, pate, dưa leo, xà lách, trứng và gia vị | Làm dầu giấm từ giấm gạo, muối, dầu ăn, đường, nước, tiêu và hành tím | Dùng chảo gang nóng để áp chảo thịt, giúp bò bít tết thơm và lên màu đẹp | Ăn kèm khoai tây, rau, trứng và sốt để món đầy đủ hơn"
"Mẹo rang cơm ngon và đậm đà dành cho các chị em","N/A","N/A","N/A","2 chén cơm | 2 quả trứng gà | 2 muỗng dầu ăn | 1 muỗng hạt nêm Knorr | Nước tương | Hành lá | Tiêu | Tôm/thịt/giò lụa/rau củ nếu có","Dùng cơm nguội để rang cơm tơi và ngon hơn | Nếu rang cùng tôm, thịt, giò lụa hoặc rau củ, nên rang riêng từng loại đến khoảng 80% rồi để riêng | Rang cơm chín trước rồi mới cho các nguyên liệu đã sơ chế vào để giữ hương vị từng loại | Cho hạt nêm Knorr và ít nước tương vào đảo đều để cơm đậm đà | Thêm hành lá và tiêu cuối cùng để dậy mùi | Không để lửa quá nhỏ khiến cơm bị khô hoặc vón"
"Knorr mách nhỏ mẹo hay để trẻ hết sợ rau","N/A","N/A","N/A","Rau xanh | Rau củ quả | Chất xơ | Vitamin | Khoáng chất | Món ăn nhiều màu sắc | Hạt nêm Knorr","Hiểu rằng trẻ có thể ngại rau vì vị đắng nhẹ tự nhiên và kết cấu chưa hấp dẫn | Không ép trẻ ăn rau một cách căng thẳng, hãy biến rau thành món dễ ăn hơn | Kết hợp nhiều loại rau củ nhiều màu sắc để tạo sự thích thú | Tham khảo các món như rau củ ngũ sắc xào hạt điều, trứng chiên nấm và rau chân vịt | Cắt, tạo hình hoặc phối rau vào món trẻ quen ăn | Tăng dần lượng rau để trẻ hình thành thói quen ăn uống cân bằng"
"Cùng Knorr bổ sung rau củ cho trẻ","N/A","N/A","N/A","Rau củ | Thịt | Cá | Món trẻ thích | Gia vị Knorr | Thực đơn gia đình","Tìm hiểu lý do trẻ không thích rau như vị đắng, cay, tanh hoặc kết cấu chưa hấp dẫn | Không biến bữa ăn thành cuộc ép buộc, hãy làm món rau gần với khẩu vị của trẻ | Kết hợp rau củ với món trẻ thích như thịt, cá, trứng hoặc món xào | Chế biến rau củ đa dạng để tạo cảm giác mới lạ | Cho trẻ làm quen từng chút một và duy trì đều đặn | Chia sẻ và học thêm công thức trong thử thách cơm nhà đủ rau"
"Rau lạ mà quen cho cơm nhà thêm ngon lành","N/A","N/A","N/A","Rau thơm | Rau húng | Rau mùi | Thì là | Cải cúc | Hành hoa | Mồng tơi | Mướp đắng | Ớt | Cà | Bí đao | Đậu ván | Nấm | Chùm ngây","Tận dụng các loại rau củ quen thuộc ở Việt Nam để làm bữa cơm phong phú hơn | Kết hợp rau củ vào món lạ mà quen như bắp cải cuộn tôm thịt, ớt chuông xào chua ngọt, canh hoa chuối khế ninh xương | Dùng nấm cho các món nướng giấy bạc, súp nấm chua cay hoặc canh bông bí nấu nấm | Thử các loại rau giàu dinh dưỡng như chùm ngây để tăng vitamin và khoáng chất | Thay đổi cách chế biến để trẻ và gia đình hứng thú hơn với rau"
"Mẹo lựa chọn, bảo quản rau củ quả theo mùa","N/A","N/A","N/A","Rau củ quả theo mùa | Rau xanh | Trái cây | Hộp bảo quản | Túi bảo quản | Tủ lạnh","Ưu tiên rau củ quả đúng mùa vì thường tươi ngon, giá tốt và ít cần chất bảo quản hơn | Chọn rau củ có màu sắc tự nhiên, không dập nát, không úng và không có mùi lạ | Mỗi loại rau củ có mùa vụ riêng, nên chọn đúng mùa để có hàm lượng dinh dưỡng tốt | Rửa sạch và để ráo trước khi bảo quản nếu cần dùng sớm | Với rau lá, bọc hoặc cho vào túi/hộp phù hợp rồi để ngăn mát | Không để chung rau củ dễ héo với trái cây chín nhanh nếu muốn bảo quản lâu hơn"
