ten,thoi gian,so nguoi,do kho,nguyen lieu,cach che bien
Bún cá ngon như ngoài hàng,90 phút,6 - 8 người,Dễ,"1 kg phi lê cá (cá rô phi, cá trắm, cá chép giòn, cá diêu hồng... tùy chọn) | 500 gr xương bay + xương cá làm nước dùng | 1 củ hành tây | 1 nhánh gừng | 1 mớ rau cầu | 1 bó hành lá | 1 bó thì là | 3 - 4 quả cà chua chín | Gia vị: Mắm, muối, hạt nêm, giấm bỗng, ớt, tỏi, chanh | Bún rối | Rau sống: Rau diếp hoặc xà lách, tía tô, kinh giới...","Cá làm sạch, chà xát chanh và muối hạt để khử mùi tanh rồi lọc lấy phần thịt, thái miếng vừa ăn. Để cá thật ráo nước hoặc thấm khô rồi xóc chút muối hạt cho cá săn lại, đồng thời giúp cho thịt cá đậm vị hơn khi ăn. Không nên ướp cá với bột chiên vì khi ăn sẽ bị bã do chan nước dùng nóng vào. | Bí quyết chiên cá giòn rụm, giữ nguyên vị mộc: Bật bếp ở lửa nhỏ vừa đun nóng chảo dần lên. Sau khi chảo nóng thì mới cho dầu ăn vào và tăng dầu ở lửa vừa, chờ cho dầu nóng lên bằng cách thử đầu đũa thấy sủi tăm là đạt. Chia cá thành từng mẻ (các miếng cá xếp giãn ra để tránh dính) rồi cho vào chiên. Chiên cá nguyên bản sẽ lâu hơn so với tẩm bột nhưng bù lại miếng cá giòn giữ vị mộc thơm từ cá rất ngon. Không lật trở miếng cá mà chờ khi một mặt vàng giòn (khoảng 12- 15 phút) thì lật trở, chiên mặt còn lại. | Cá chiên đạt là hai mặt bên ngoài vàng tự nhiên mà không cần tẩm bột nghệ, bên trong vẫn mềm ngon tự nhiên từ cá. | Vớt cá ra để vào giấy thấm dầu. | Nấu nước dùng: Xương bay (xương lợn) chần sơ, rửa sạch và cho vào ninh lấy nước dùng ngọt. Phần xương cá thì chiên sơ cho vào nồi nước dùng ninh cùng. Thêm hành tây nướng, gừng nướng rửa sạch cho thơm. Thỉnh thoảng hớt bỏ bọt. Sau khoảng 1 giờ thì lọc lấy nước dùng, nêm nếm mắm, muối, hạt nêm theo khẩu vị. | Cà chua rửa sạch, thái múi cau. Hành lá, thì là rửa sạch, thái nhỏ. | Xào sơ cà chua nhưng vẫn giữ nguyên miếng. | Khi ăn, cho cà chua vào nồi nước dùng và thêm chút giấm bỗng để tạo vị chua thanh dịu. | Rau sống rửa sạch, ngâm nước muối loãng, vớt ra vẩy ráo nước, thái rối. | Rau cần nhặt bỏ phần rễ già, rửa sạch, vặn khúc cho ra tinh dầu thơm, chần sơ nước nóng vớt ra. | Trụng bún qua nước sôi xếp vào tô, thêm cá rán, cà chua, rau cần chần, hành lá, rau thì là rồi múc nước dùng chan nóng lên. Ăn kèm với rau sống, ớt chưng và nước mắm tỏi ớt rất ngon. | Yêu cầu thành phẩm: Từng miếng cá chiên vàng ươm tự nhiên, bên ngoài giòn rụm mà không khô, bên trong mềm ngon ngọt, giữ vị mộc tự nhiên của cá. Nước dùng chua dịu, thanh điểm xuyết cà chua đỏ au, rau xanh tăng thêm phần hấp dẫn. Món bún cá luôn được ưu tiên lựa chọn giải ngấy sau những ngày Tết với thịt thà bánh chưng nhiều mỡ. | Phi lê cá sau khi rửa phải để thật ráo nước, xóc chút muối rồi mới chiên để tránh cá bị bắn/văng dầu. | Cá chiên tự nhiên theo bí quyết trên để lâu vẫn giòn rụm, vàng tự nhiên, khi ăn giữ vị mộc của cá. Còn nếu tẩm bột chiên giòn thì khi chan nước dùng vào sẽ bị bở, nhão ra và mất vị ngọt của cá. | Chú ý chảo nóng từ từ rồi mới cho dầu ăn, dầu ăn nóng mới cho cá vào chiên để cá không bị dính, bén chảo. | Chia mẻ nhỏ, để cá vàng một mặt mới lật trở chiên mặt còn lại đảm bảo miếng cá đều, không bị gãy nát."
Chân giò giả cầy kiểu Bắc,75 phút,4-5 người,Dễ,"1 kg thịt móng giò và thịt chân giò | 1 bát (chén) riềng giã nhỏ (hoặc xay) | 5-6 thìa canh mẻ | 2 thìa canh mắm tôm | 2 thìa canh nước nghệ tươi (giã nhỏ, vắt lấy nước) | 2 thìa canh dầu điều (tùy chọn để tạo màu đẹp mắt) | 1 thìa canh rượu trắng | 1 thìa canh đường | 1 thìa canh nước mắm | 1 thìa cà phê bột canh | 1 thìa cà phê hạt nêm | Hành lá, rau răm, rau ngổ, rau húng… | Măng củ (tùy chọn) | Bún tươi","Móng giò và chân giò đem thui bằng rơm (nếu không có thì bọc giấy báo và đốt) sao cho lớp bì ngả màu sậm nâu vàng là được. Sau đó, rửa sạch, chặt miếng vừa ăn. | Ướp móng giò, chân giò với: 1 bát riềng giã nhỏ, 5-6 thìa canh mẻ, 2 thìa canh mắm tôm, 2 thìa canh nước nghệ tươi (giã nhỏ, vắt lấy nước), 2 thìa canh dầu điều, 1 thìa canh rượu trắng, 1 thìa canh đường, 1 thìa canh nước mắm, 1 thìa cà phê bột canh, 1 thìa cà phê hạt nêm. Dùng đũa đảo đều và ướp tối thiểu trong 1 giờ cho ngấm gia vị. | Phần độn ăn thêm (tùy chọn theo khẩu vị mỗi gia đình): Măng củ tươi, thái miếng vừa ăn, luộc hết đắng và xào sơ. | Cách nấu chân giò giả cầy: Nên nấu tối thiểu 2 lửa sẽ giúp món ăn tròn vị và thơm ngon: | Cho chân giò đã ướp vào nồi, bật bếp đảo thịt và móng cho săn lại để gia vị ngấm gia vị. Đổ nước xâm xấp, thêm măng đã xào vào và đun sôi, hạ lửa nhỏ ninh trong 30 phút, tắt bếp.Trước khi gần ăn 30 phút thì bật bếp, đun 30-45 phút tùy theo khẩu vị mỗi người (thích giòn sần sật hoặc mềm). Cuối cùng rắc hành lá, rau răm, rau ngổ thái rối, đảo đều và tắt bếp, múc ra thưởng thức nóng với bún hoặc cơm đều ngon."
Lẩu cháo chim,60 phút,4-5 người,Dễ,"2 con chim câu | Trứng, tim non (tùy chọn) | 600 gr xương lợn hầm nước dùng | Gạo tẻ, gạo nếp (tỷ lệ 4:1) | Rau ăn kèm: nấm kim châm, nấm đông cô, rau ngải cứu, rau cải cúc, ngô ngọt, tía tô... | Hành phi, hành lá | Gia vị: Mắm, muối, hạt nêm, hạt tiêu, đường (tùy chọn)","Chim câu muốn giữ chất bổ và không tanh thì vặt lông, không cắt tiết, rửa sạch, cắt bỏ chân (gây mùi hôi). Gạo tẻ và gạo nếp tỷ lệ 4:1 đem vo sạch, thêm đỗ xanh ngâm nở đãi vỏ, hạt sen (nếu có) cho cháo thêm vị bùi bùi. | Đem thui sơ chim câu để giúp khử mùi hôi và giúp thịt thơm ngon hơn. Sau đó, chặt miếng vừa ăn. | Để thịt chim đậm vị hơn thì phi thơm hành khô, cho chim vào xào sơ, nêm chút mắm, muối, hạt tiêu, hạt nêm cho vừa miệng. Nếu thích vị nhạt tự nhiên thì không xào. | Lẩu cháo chim phù hợp nhúng các loại nấm, rau cải cúc, ngải cứu, tía tô, cải xanh... Các loại rau rửa sạch, vẩy ráo nước. Mua thêm trứng và tim để nhúng lẩu, rửa với nước muối loãng, vớt ra để ráo. Thêm ngô ngọt tùy chọn. Bày rau và trang trí đẹp mắt. | Xương lợn chần sơ, rửa sạch tạp chất rồi cho vào ninh lấy nước dùng. Thêm phần đầu, cổ, cánh chim đã xào săn cùng gạo tẻ, gạo nếp, đỗ xanh (đã ngâm đãi vỏ), hạt sen vào nước hầm xương nấu nhừ. Lẩu cháo thường nấu loãng hơn cháo bình thường chút. Nêm nếm gia vị cho vừa miệng. Rắc chút hành phi, hành lá cho thơm. | Hoàn thiện: Cho cháo vào nồi đất hoặc nồi lẩu chống dính để tránh bén nồi. Khi ăn nhúng thịt chim câu, trứng, tim cùng rau và thưởng thức nóng, rắc thêm chút hạt tiêu cho tăng vị ấm nóng. Món này thích hợp trong tiết trời lạnh và giúp giải ngán khi ra Tết, lại đủ đầy dinh dưỡng. | 3. Yêu cầu thành phẩm | Nếu không có chim câu thì dùng chim cút, chim ngói hoặc thịt gà đều ngon. Với các loại chim để thơm ngon, giữ chất bổ thì nên làm sạch lông, không cắt tiết, rửa sạch, thui vàng thơm. | Lẩu cháo chim nấu hơi sánh nhuyễn và loãng hơn cháo bình thường. Nên dùng nồi đất hoặc nồi lẩu chống dính để tránh cháo bén gây khê. | Lẩu cháo chim ăn nóng, hợp với rau cải cúc (tần ô), ngải cứu, tía tô, hành phi, hành lá..."
Lẩu cá chép,65 phút,6-8 người,Dễ,"1 con cá chép 1,4 kg (chọn được cá chép giòn càng ngon) | 600 gr xương ống lợn làm nước dùng | 6 quả cà chua | 1/2 quả dứa | 4 củ hành khô | 1 nhánh gừng | Rau nhúng ăn kèm: Rau cần, thì là, hành lá, xà lách, nấm (tùy chọn) | Đồ nhúng kèm (tùy chọn): trứng cá, thịt bò | Bún tươi sợi nhỏ | Gia vị: Mắm, muối, giấm bỗng, ớt khô","Cá chép đánh vẩy, bỏ mang, cạo sạch ruột, rút sợi gân trắng gần sống lưng cá (gây tanh), chà xát chanh và muối hạt khử nhớt khắp mình cá, rửa sạch bằng nước vo gạo, lọc thịt thấm khô. Nghiêng dao sắc thái lát cá rồi bày lên đĩa hoặc mẹt, rắc chút gừng thái chỉ cho đẹp mắt (tùy chọn). Nếu mua được cá chép giòn càng ngon thì khi nhúng lẩu thịt cá sần sật, không quá béo và không bị bở. Phần xương và đầu cá giữ lại ninh lấy nước dùng. | Nếu có trứng cá thì rửa nước muối loãng, vớt ra để ráo nước. Trứng cá giúp món lẩu khi ăn thêm vị bùi béo, rất hấp dẫn. | Lẩu cá chép thích hợp vào mùa đông xuân có rau cần, hành củ. Rau cần nhặt bỏ rễ, lược bỏ bớt lá, rửa sạch rồi vặn khúc dài khoảng 5 - 6 cm. Vặn giúp cho tinh dầu từ rau cần ra thơm hơn. Dứa gọt bỏ mắt, thái lát vừa ăn. Dứa giúp cho món lẩu có vị chua dịu ngọt, hơn nữa trong dứa chứa enzym bromelain (thuộc nhóm protease) có khả năng phân hủy protein giúp cho các đồ nhúng lẩu nhanh mềm. Cà chua rửa sạch, một nửa cắt múi cau, nửa còn lại thì băm nhỏ để xào tạo màu cho nước lẩu. Các loại rau nhúng ăn kèm (thì là, hành lá, xà lách, nấm, rau cải) rửa sạch, vẩy ráo nước và trang trí đan xen tăng thêm phần bắt mắt. Tùy theo khẩu vị mà có thể tăng thêm đồ nhúng kèm. | 3. Trình bày và thưởng thức | 4. Yêu cầu thành phẩm | Khi sơ chế và rửa cá, có nhiều cách truyền thống khử tanh hiệu quả như ngâm rửa bằng nước vo gạo, rượu gừng đập dập hoặc chanh, muối hạt. | Khi ninh đầu và xương cá để lấy nước dùng thì bắt buộc phải đun sôi nước mới cho vào để không bị tanh. Hoặc có thể rán sơ cá rồi cho vào ninh cũng được, vớt bỏ bọt cho trong nước. | Giấm bỗng luôn cho sau cùng và rót từ từ và thử cho vừa miệng. Không cho sớm giấm bỗng sẽ bị bay mùi."
Lẩu gà lá é,40 phút,4-5 người,Dễ,"1 con gà ta | 1 bó lá é | Ớt xiêm xanh, sả, hành tím, tỏi | Gia vị: Mắm, muối, hạt nêm, đường, hạt tiêu | Nước dừa hoặc nước khoáng lạt | Đồ nhúng kèm: Nấm, măng | Bún hoặc mì sợi","Gà sơ chế sạch, chà xát chanh và muối hạt rồi rửa nhiều lần cho sạch, để ráo nước và chặt miếng vừa ăn. | Lá é nhặt lấy phần non, rửa sạch, phần cọng để lại cho vào nước dùng để dậy mùi thơm. Lấy một ít đọt lá é giã cùng vài quả ớt xiêm xanh cho nhuyễn rồi chia đôi 2 phần (một phần ướp thịt gà, một phần để trộn vào muối rang khô lên chấm khi ăn lẩu). Hành tím, tỏi băm nhỏ. Sả đập dầu phần gốc băm nhỏ, phần cuống dài cắt khúc cho vào nồi lẩu cho dậy mùi. | Ướp thịt gà với 1/2 lượng lá é và ớt xiêm xanh giã nhuyễn, thêm 1/2 sả, hành tím, tỏi băm. Nêm 2 muỗng canh nước mắm, 1 muỗng cà phê muối, 1 muỗng cà phê hạt nêm, 1 muỗng cà phê hạt tiêu trộn đều, ướp trong 30 phút cho thấm vị. Nếu thích ăn ngọt thì thêm chút đường. | Măng củ gọt bỏ vỏ, thái mỏng và luộc 3 - 4 lần, mở vung để bay chất độc đắng ra ngoài. Nếu muốn măng đậm vị hơn thì xào sơ, nêm chút mắm muối. Tùy khẩu vị mà có thể thay măng tươi bằng măng chua. | Nấm cắt bỏ gốc, rửa nước muối loãng, để ráo nước. | Phi thơm 1/2 lượng hành, tỏi, sả còn lại. Trút thịt gà vào xào săn. | Nước lẩu gà ngon nhất là thêm nước khoáng lạt. Nếu không có thì dùng nước dừa tươi tạo vị ngọt thanh. Thêm sả khúc, cuống lá é cho dậy mùi rồi nấu lửa vừa cho tới khi thịt gà đạt độ mềm ngọt mong muốn. Nêm nếm lại gia vị cho vừa miệng, thêm ớt xiêm xanh, măng vào. Khi ăn, vò nhẹ lá é cho ra tinh dầu thơm rồi trụng tới đâu ăn tới đó để giữ vị the the, bùi bùi lạ miệng. Phần thịt gà thì chấm muối lá é ớt xiêm xanh. | Nên chọn gà ta thả đồi là ngon nhất vì thịt săn chắc, ngọt thơm. | Lá é không nên nhúng lâu sẽ bị xỉn màu và mất đi hương vị riêng. | Lá é là gia vị đặc trưng của các tỉnh Nam Trung bộ, Tây Nguyên. Lẩu gà lá é vốn là đặc sản Phú Yên và dần dà theo chân lan tỏa nhiều vùng, trở thành món ngon nổi tiếng ở Đà Lạt."
Lẩu bò mắm ruốc,40 phút,4-5 người,Dễ,"2 thìa mắm ruốc | Sả băm | Hành tím, tỏi, ớt | 2,5 lít nước lọc | 1/2 quả dứa (thơm) thái miếng | Bún tươi | Rau muống, rau rút, cải bẹ xanh làm sạch | 1 củ hành tây bổ múi cau | 1/2 kg thịt bò, thái mỏng","Đun nóng dầu ăn, phi thơm hành tím, tỏi và sả băm. Khi hỗn hợp vừa thơm, cho thêm 2 thìa mắm ruốc vào rồi tiếp tục xào. | Cho 2,5 lít nước lọc vào khuấy đều rồi cho dứa và sả cây cắt khúc, đập dập. Nếu thích ăn cay, có thể cho thêm vài quả ớt hiểm. | Nấu cho đến khi sôi nêm nếm lại cho vừa ăn. Món này do nấu với mắm ruốc nên rất dậy mùi. Chỉ cần thêm một chút đường, bột ngọt, một chút hạt nêm là tròn vị. | Để khi ăn thêm phần đậm đà, trong lúc đợi nước lẩu sôi, ướp sơ thịt bò với một thìa cà phê dầu ăn, 1/2 thìa cà phê bột ngọt, 2-3 thìa cà phê sả băm nhuyễn. | Khi nước lẩu sôi và đã có hương vị ưng ý, vớt bỏ sả cây và thêm hành tây đã bổ múi cau nhằm tăng độ ngọt cho nước dùng. | Thả thịt bò đã ướp vào nhúng, ăn kèm rau muống, rau rút, cải bẹ xanh rất hợp vị. Để món ăn thêm đậm đà, chuẩn bị thêm một bát nước chấm với mắm ruốc pha loãng cùng nước me (sền sệt), thêm chút đường và ớt tùy thích.Eric Nguyễn"
Lẩu Thái chua cay,60 phút,4-6 người,Dễ,"800 gr xương lợn hoặc xương gà | 1 quả dừa tươi lấy nước | 1/2 quả dứa | Gia vị tạo mùi: Sả, riềng, lá chúc hoặc lá chanh, tỏi, hành tây, hành lá | Gia vị nêm nếm: Gói gia vị lẩu Thái, mắm, muối, đường, hạt nêm, nước cốt dừa (tùy chọn), ớt khô, sa tế (tùy chọn) | Tạo màu: Dầu màu điều, cà chua, tương ớt, tương cà | Đồ nhúng ăn kèm lẩu gồm: Mực, tôm, thịt bò, rau, đậu phụ, nấm hương, mì sợi, bún...","1. Sơ chế nguyên liệu | Dứa gọt bỏ vỏ, sử dụng 1/2 quả làm nước dùng lẩu. Dứa giúp cho món lẩu có vị chua dịu ngọt, hơn nữa trong dứa chứa enzym bromelain (thuộc nhóm protease) có khả năng phân hủy protein giúp cho các đồ nhúng lẩu nhanh mềm. Cà chua rửa sạch. Riềng, sả rửa sạch. | Dứa lấy 1/4 quả thái miếng vừa ăn. Cà chua 6 quả thái múi cau. Ngô ngọt cắt khoanh. Riềng thái lát, sả một phần băm nhỏ, một phần đập dập cắt khúc. Lá chanh vò nhẹ cho ra tinh dầu. Ớt khô tăng vị cay the nhẹ cho món ăn. Cà rốt tỉa hoa để trang trí món lẩu thêm phần bắt mắt. Tỏi băm nhỏ. | 1/4 quả dứa còn lại xay mịn, lọc lấy nước cốt. Phi thơm tỏi, sả cho 1/2 lượng cà chua cùng 2 thìa canh dầu màu điều vào, thêm chút nước mắm và nấu chín nhừ. Cà chua chứa vitamin A nên khi kết hợp dầu ăn sẽ lên màu đẹp mắt. Sau khi mềm nhừ thì trút cà chua cùng với nước cốt dứa vào xay mịn, lọc qua rây lấy hỗn hợp nước cốt màu đẹp. Hành tây thái khoanh tròn trang trí cho nước dùng lẩu. | Chuẩn bị các đồ nhúng lẩu: Các loại rau rửa sạch, vẩy ráo nước. Nấm kim châm rửa nước muối loãng. Mực rửa sạch. Thịt bò thái mỏng, rắc chút gừng thái sợi. Tùy theo khẩu vị mà điều chỉnh đồ nhúng lẩu cho phù hợp khẩu vị và rau củ quả theo mùa. | Xương heo hoặc xương gà chần sơ, rửa sạch rồi ninh lấy nước xương ngọt tự nhiên. | Lọc lấy nước hầm xương, cho nước dừa tươi, nước cốt dứa cà chua vào. Nêm nếm gói gia vị lẩu Thái, mắm, muối, đường, hạt nêm, nước cốt dừa, sa tế cho vừa miệng. Thêm chút tương ớt, tương cà lên màu đẹp mắt. Thêm lá chanh vò sơ. Trang trí bằng hành tây thái khoanh tròn, ngô ngọt, cà chua thái múi cau, ớt khô là có nồi nước dùng hấp dẫn, nhiều sắc màu. | 4. Yêu cầu thành phẩm"
Kim chi dưa leo đơn giản tại nhà,30 phút,4-5 người,Dễ,"600 gr dưa leo (chọn quả hơi non, xanh, cứng sẽ giòn hơn) | 1 bó lá hẹ | 1/2 củ cà rốt | 1/2 quả táo tây | 1/2 củ hành tây | 1/4 chén vừng rang | 3-4 tép tỏi | 1 nhánh gừng nhỏ | Nước tương, ớt bột Hàn Quốc, giấm, mật ong, muối, dầu mè. | Bột nếp.","Dưa chuột ngâm nước muỗi loãng, rửa sạch, thấm khô, gọt và chà nhựa hai đầu, thái lát 0,5 cm, thêm 1 thìa cà phê muối trộn đều để ướp 10 phút trong tủ lạnh, vắt sơ bỏ phần nước. | Hẹ rửa sạch, cắt khúc 3 - 4 cm. | Cà rốt gọt bỏ vỏ, bào sợi, trộn chút đường. | Táo tây gọt vỏ, hành tây xắt nhỏ, tỏi bóc bỏ vỏ, gừng cạo vỏ, cho vào xay nhuyễn cùng chút nước. | Nước sốt muối kim chi: cho hỗn hợp nước táo, hành tây xay nhuyễn vào nồi, thêm 2/3 chén nước, 4 thìa canh nước tương, 2 thìa canh mật ong, 2 thìa canh ớt bột đỏ Hàn Quốc, 1 thìa canh giấm, 1 thìa canh bột nếp, khuấy đều cho tan, cho lên bếp ở lửa vừa, vừa đun vừa khuấy cho tới khi thành hỗn hợp sền sệt, tắt bếp, để nguội. | Cho dưa chuột, cà rốt, lá hẹ vào âu trộn, đổ nước sốt hỗn hợp trên vào, đeo găng tay trộn đều và để khoảng 10 phút cho ngấm gia vị, thêm chút dầu mè đảo đều, rắc vừng rang và thưởng thức."
Chả cá Hà Nội hương vị xưa,90 phút,4-6 người,Dễ,"1 kg cá lăng phi lê | 1 củ riềng bánh tẻ | 1 củ nghệ tươi | Gia vị: Nước mắm ngon, mắm tôm, mì chính, hạt tiêu, tinh dầu cà cuống | Rau ăn kèm: Thì là, hành hoa, húng Láng, rau mùi | Khác: Lạc rang, hành phi, chanh, ớt, hành tây (tùy chọn) | Mỡ lợn hoặc mỡ gà ta | Bún ăn kèm","Chả cá Hà Nội dùng cá lăng tươi là ngon nhất vì ít xương, thịt ngọt thơm, có chút ngậy nhưng không béo mỡ hay bị tanh. Cá lăng làm sạch, lọc xương rồi thái bản hơi nghiêng hình bao diêm. Phần lòng cá làm sạch, cắt khúc vừa ăn. | Các gia vị làm nên nét đặc trưng của chả cá Hà Nội gồm mẻ lọc mịn, riềng chọn loại bánh tẻ (không non quá hay già quá), giã nhỏ vắt lấy nước cốt. Nghệ tươi giã nhỏ, thêm chút nước cốt chanh hoặc mẻ để giữ màu tươi mới (vì nghệ giã xong thường bị đổi màu sậm). Mắm tôm lọc kỹ. Đặc biệt để miếng chả cá không bị khô thì khi ướp cho thêm chút mỡ lợn âm ấm. | Rau ăn kèm, làm tôn vị cho chả cá là thì là, hành hoa và húng Láng. Các loại rau thơm rửa sạch, cắt khúc. Đầu gốc hành hoa thì chẻ nhỏ ngâm vào âu nước đá cho giòn, thêm chút giấm cho bớt hăng. | Bún ăn chả cá trắng mềm, xưa thì quấn miếng nho nhỏ. Nay để cho tiện thì dùng bún rối sợi nhỏ. | Chả cá ngon nhất là qua ''hai lửa''. Lần lửa 1 là nướng trên than hoa sao cho ánh lửa hồng phủ chín vàng đều, từng miếng chắc nịch, không bị gãy. Cá nướng xong để nguội. Khi ăn thì mới cho vào chảo nóng (lửa 2) cùng mỡ lợn, hành, thì là và húng Láng. Nếu không có than hoa thì nướng nồi chiên không dầu hoặc lò nướng. | Lạc rang chọn loại lạc cúc đỏ vỏ, rang đều lửa cho vàng giòn thì sẽ thơm và bùi. Lạc sau khi rang thì chà xát bỏ vỏ, để riêng. | Cách pha mắm tôm: Cho vào bát 3 thìa canh mắm tôm, 1 thìa canh đường, 1 thìa cà phê rượu trắng. Vắt thêm nước cốt 1 quả chanh rồi đánh bông lên. Rượu trắng giúp khử mùi, chanh và đường giúp cân bằng và dịu vị mặn của mắm tôm. Cuối cùng thêm một hai giọt tinh dầu cà cuống làm dậy mùi thơm đặc trưng hấp dẫn. Hiện nay, tinh dầu cà cuống đắt và hiếm nên hầu như các nhà hàng không có hương vị xưa này. Một số người còn cho biết, cầu kỳ hơn thì hàng chả cá Lã Vọng của gia tộc họ Đoàn xưa thay chanh bằng giấm bỗng đặc biệt làm từ nếp cái hoa vàng được ủ vừa độ, tạo nên phong vị rất riêng. | Trình bày và thưởng thức: Khi ăn, rải lớp thì là, hành hoa xanh mướt lên chảo gang (để giữ ấm được lâu), xếp các miếng chả cá đã nướng ươm vàng. Rưới mỡ gà ta hoặc mỡ lợn ỉ ta vào đun nóng và xào cho chả cá nóng. Tiếng mỡ nóng làm hành, thì là dậy mùi thơm quyện với chả cá đẩy đưa vị giác. Món này chấm mắm tôm, ăn kèm bún, húng Láng, lạc rang, nhâm nhi thêm bánh đa nướng tạo nên ấn tượng khó phai. | 3. Yêu cầu thành phẩm | Chả cá Lã Vọng, Hà Nội ra đời từ năm 1871, do gia tộc họ Đoàn sáng tạo. Dưới bàn tay khéo léo và sự cầu kỳ, chả cá dần dà trở thành tinh hoa ẩm thực Hà thành. | Chả cá ngon nhất là chọn được cá lăng tươi. Nếu ở nước ngoài không có cá lăng thì có thể dùng các loại cá da trơn hoặc cá quả nhưng giảm đi vị ngon phần nào. | Nhiều người kỹ tính cho rằng hành tây làm mất vị chả cá nhưng trong ''Miếng ngon Hà Nội'', nhà văn Vũ Bằng lại đề cập có chút ''Một miếng bún, một miếng bánh đa, rồi hành tây, hành ta, rau thơm, mùi, lạc rang, kèm một hai miếng chả cá chấm đẫm mắm tôm chanh ớt... béo quá, bổ quá, bùi mà thơm ngon quá''. | Gia vị ướp chả cá ngoài mẻ, mắm tôm lọc kỹ cùng riềng, nghệ thì không thể thiếu mỡ lợn ấm để giúp cho miếng chả không bị khô, tăng vị béo bùi. | Chả cá ngon cần đượm vị qua ''hai lửa'' (lửa 1 nướng cho vàng ươm, săn thịt), lửa 2 là cho chả cá ăn nóng trên chảo, rưới cùng mỡ lợn hoặc ngon hơn là mỡ gà ta, thêm hành hoa, thì là cho dậy mùi thơm. | Pha mắm tôm chả cá nếu kỳ công tìm được tinh dầu cà cuống, cho 1-2 giọt sẽ dậy mùi hấp dẫn khó quên, đúng vị xưa. | Lạc rang chuẩn vị nên chọn loại lạc cúc vỏ đỏ, khi rang vàng thì thơm và bùi lắm."
Bún riêu cua truyền thống Hà Nội,55 phút,4-6 người,Dễ,"600 g cua đồng | 800 g xương hom lợn (ninh lấy nước dùng thêm, tùy chọn) | 3 - 4 quả cà chua chín | 3 - 4 củ hành khô | 1 - 1,2 kg bún tươi | Rau: Rau diếp, tía tô, kinh giới, bắp chuối thái, rau răm, hành... | Gia vị: Mắm, muối, hạt nêm, dấm bỗng rượu, ớt khô | Mỡ lợn","Cua đồng xóc và rửa sạch nhiều lần bằng nước sạch để loại bỏ chất bẩn. Phần mai thì dùng đầu thìa nhỏ khều lấy gạch để riêng. Nếu kỹ hơn thì tráng qua nước lạnh mấy lần, chắt lọc giữ gạch lại để giảm bớt mùi tanh và đen từ gạch (nếu có). | Phần thân cua cho vào cối cùng chút muối hạt, dùng chày giã nhuyễn. Việc cho muối giúp cho protein trong thịt cua được kết dính tốt hơn, khi nấu sẽ tạo tảng. Sau đó, cho từng lượng nước nhỏ để chắt lọc, rồi lại giã và lọc nhiều lần nhằm lấy hết phần thịt cua. Không nên dùng rây lọc vì thịt cua sẽ bị bám dính vào rây hết. | Cách nấu cua đóng tảng: Bật bếp nấu phần nước lọt thịt cua, dùng đũa (hoặc muôi) khuấy nhẹ theo chiều vòng tròn giúp riêu cua nổi lên, không bén đóng dưới đáy nồi. Khuấy liên tục và đều tay cho tới khi thịt cua nổi lên hết, tách nước trong thì dừng tay và hạ lửa nhỏ, vớt ra bát. | Phi thơm hành khô, cho gạch cua vào chưng, thêm chút mắm, hạt nêm rồi tắt bếp, múc ra để riêng. | Phần thịt cua cho vào bát, ép chắt nước ra sẽ giúp kết tảng đẹp. | Cà chua 2 quả khía chữ thập, cho vào nồi nước sôi trụng sơ, vớt ra ngâm nước lạnh, bóc bỏ vỏ, bằm nhuyễn. Còn 1 quả còn lại thái múi cau, để riêng. | Phi thơm hành khô với mỡ lợn, cho cà chua vào xào, thêm chút mắm muối cho cà chua nhanh chín mềm. | Để nước dùng thêm ngọt tự nhiên thì bạn nên ninh thêm xương bay lợn rồi lọc lấy nước. | Cho nước dùng xương bay lợn vào nồi nước cua. Thêm cà chua xào chín mềm ở trên và gạch cua vàng ươm vào để tạo màu tự nhiên cho nước dùng. Cho phần cà chua thái múi cau vào nấu rồi nêm nếm gia vị mắm, muối, hạt nêm theo khẩu vị. Cuối cùng thêm dấm bỗng rượu tạo vị chua thanh nhẹ cho nước dùng. | Phi thơm hành khô với mỡ lợn, cho ớt hạt khô vào chưng, nêm chút muối cho đậm đà, tắt bếp, múc ra để riêng. | Trình bày và thưởng thức: Trụng bún qua nước nóng, cho vào bát tô, múc thịt cua, thêm hành hoa thái nhỏ rồi chan nước dùng riêu cua nóng lên, rắc chút hành phi và thưởng thức nóng. Khi ăn thêm một chút mắm tôm (tùy theo khẩu vị) để dậy mùi thơm nhẹ, ăn cùng ớt chưng và rau sống thái nhỏ. | Yêu cầu thành phẩm: Thịt cua đóng thành tảng, nước riêu thơm mùi đặc trưng vị cua đồng, màu váng óng đỏ tự nhiên từ cà chua và gạch cua, vị chua thanh nhẹ rất hấp dẫn. | Bún riêu cua Hà Nội truyền thống chỉ có vị mộc từ thịt riêu cua, gạch cua, cà chua và hành hoa. Theo thời gian, để ''chiều'' lòng người, bún riêu có biến tấu thêm giò tai, đậu phụ chiên, trứng vịt lộn vào cho topping phong phú. | Nên giã cua bằng cối và thêm chút muối hạt để tạo độ kết dính cho protein giúp lấy được nhiều thịt và đóng tảng khi nấu hơn là việc xay. | Để nấu thịt cua đóng tảng cần chú ý: Ban đầu cho lên bếp thì cần dùng muôi hoặc đũa khuấy đều tay luôn. Khi thịt cua nổi lên và tách nước trong thì hạ lửa nhỏ, dùng muôi lỗ vớt thịt cua ra, ép chắt nước để giúp tạo tảng. Khi ăn thì múc thịt cua cho vào."
Trứng gà nướng,70 phút,4-5 người,Dễ,"8 quả trứng gà | Rau ăn kèm: răm. dưa chuột, ớt | Gia vị: Muối, mắm, mật ong, hạt tiêu, hạt nêm | Cốc, bình rót, rây","Để làm món trứng nướng ngon nhất cần chọn trứng gà tươi với dấu hiệu vỏ có lớp phấn mỏng màu trắng nhạt, trơn láng và cầm nặng tay. Trứng rửa sạch, để ráo nước. | Dùng dao nhọn hoặc cán thìa nhỏ nặng tay đục một lỗ ở phần đầu tròn to (thường là lõm khí), rồi trút phần lòng đỏ trứng ra bát. | Nêm vào trứng 1 thìa cà phê mật ong, 1 thìa cà phê nước mắm (30 độ đạm), 1/2 thìa cà phê hạt nêm, 1/2 thìa cà phê hạt tiêu (điều chỉnh tùy khẩu vị), 1/4 thìa cà phê muối. Đánh nhẹ đều cho trứng tan rồi lọc qua rây cho mịn màng. | Đặt các vỏ trứng lên cốc (chén) nhỏ. Đổ hỗn hợp trứng đã lọc vào bình rót có miệng nhọn rồi lần lượt rót vào từng quả trứng. Căn lượng rót vào khoảng 3/4 quả trứng. | Nếu còn thừa trứng thì quết lớp dầu ăn lên cái bát nhỏ chịu nhiệt, rồi rót trứng vào. | Xếp từng cốc đựng trứng vào lò nướng hoặc nồi chiên không dầu. Tùy từng kích thước trứng to hay nhỏ mà điều chỉnh nhiệt cho phù hợp. Với trứng size trung bình ban đầu nướng 90 độ trong vòng 45-50 phút cho trứng dần đặc lại và chín. Sau đó tăng lên 100 độ khoảng 15 phút cho trứng dẻo dai và thơm hơn. | Yêu cầu thành phẩm: Trứng nướng không bị trào, không bị nứt vỏ mà còn giữ nguyên hình dáng. Khi bóc thì róc vỏ, trứng dẻo mịn, dai dai, vàng ươm. Món này ăn kèm rau răm chấm muối tiêu vắt thêm quất hoặc chanh rất ngon, nhất là vào tiết trời thu mát mẻ. | Nếu không có lò nướng thì hấp trứng ở lửa nhỏ liu riu, cứ 5 phút mở vung để tránh tụ nhiệt làm trứng bị trào. Sau khoảng 15 phút trứng đặc và chín thì lấy ra nướng than hoa. | Trứng đánh nhẹ nhàng và lọc qua rây cho mịn trước khi rót vào để trứng được dẻo mịn. | Muối tiêu nên làm từ muối hạt rang khô giã nhỏ, trộn với hạt tiêu rang thơm giã. Khi ăn vắt thêm quất hoặc chanh, thêm vài lát ớt rất bắt vị."
"Bí quyết rán trứng mềm xốp, vàng ươm",20 phút,4-5 người,Dễ,"7 - 8 quả trứng | 2 cây hành lá (tùy chọn) | 1/4 thì cà phê rượu trắng (khử tanh) | Gia vị: Mắm, muối, hạt nêm, hạt tiêu | Chút nước ấm giúp mềm trứng | Dầu ăn","Chọn trứng gà tươi ngon với các dấu hiệu như: Vỏ có lớp phấn mỏng màu trắng nhạt, hơi ram ráp và cầm nặng tay. Tùy theo khẩu vị có thể cho thêm hành lá tăng thêm hương vị cho món ăn. | Để khử tanh trứng dù để lâu nên dùng 1/4 thìa cà phê rượu trắng hoặc nếu có rượu mirin thì thơm hơn. Rượu cũng là bí quyết giúp trứng xốp hơn. Thêm 1 thìa cà phê nước ấm sẽ giúp trứng mềm mọng hơn và khi rán không bị teo khô lại. Hành lá rửa sạch, cắt nhỏ. | Đập trứng vào bát tô, thêm hành lá cắt nhỏ, nêm chút mắm, muối, hạt tiêu, hạt nêm rồi đánh nhẹ đều cho tan. | Đun nóng chảo từ từ ở lửa vừa rồi cho chút dầu ăn vào tráng nhẹ. Dùng muôi múc trứng (chia thành các mẻ) cho vào rán ở lửa nhỏ. Khi trứng chuyển màu vàng ươm, se mặt và bóng lên dùng phới hoặc thìa gỗ mỏng lách nhẹ một bên viền chảo rồi cuộn đều lại. Sau một lượt dùng giấy bếp hoặc chổi silicon quét nhẹ lớp dầu rồi tiếp tục cho trứng vào rán. Làm lần lượt cho tới hết. | Dùng dao sắc cắt trứng thành các miếng vừa ăn và xếp ra đĩa. | Yêu cầu thành phẩm:Từng miếng trứng vàng ươm, bóng mượt và mềm xốp, dậy mùi thơm của hành lá rất bắt vị. Món này phù hợp với mọi lứa tuổi, nhất là trẻ nhỏ."
Thịt lợn kho đậu phụ kiểu Nam Bộ,60 phút,4-6 người,Dễ,"600 gr thịt ba chỉ (nạc mỡ đan xen) | 4 bìa đậu phụ | 4 tép tỏi | 4 củ hành khô | 4 - 5 quả ớt (tùy chọn) | 1 nắm hành lá | 1 quả dừa lấy nước để kho | Gia vị: Mắm, muối, đường, hạt nêm, hạt tiêu, nước hàng","Chọn phần thịt ba chỉ có nạc mỡ đan xen là ngon nhất, cạo sạch lông ở da, rửa sạch, xắt miếng vừa ăn. | Hành, tỏi khô cùng 1 quả ớt giã nhuyễn để ra tinh dầu khi ướp nhanh thấm vị hơn. Thịt kho miền Nam không thể thiếu nước dừa tươi, giúp cho nước kho lên màu đẹp và vị ngọt thanh hơn. | Rán đậu phụ: Đun dầu ăn, thử đầu đũa sủi tăm là đạt độ nóng. Cắt đậu phụ thành miếng vừa ăn, thấm khô và cho vào chiên vàng các mặt. | Kho thịt: Phi thơm 1/2 lượng hành tỏi băm còn lại, trút phần thịt ướp vào xào săn trong khoảng 4-5 phút để gia vị thấm sâu vào thịt. | Cho nước dừa tươi vào xâm xấp mặt thịt, thêm ớt vào và đun sôi và hạ lửa nhỏ kho. Khi thịt mềm, nước kho lên màu đẹp, cho đậu phụ vào tiếp tục kho cho thấm gia vị ngọt ngon từ thịt. Nêm nếm lại cho vừa miệng. Khi nước kho hơi sánh, thêm hành lá xắt nhỏ, rắc chút hạt tiêu và múc ra thưởng thức. | 4. Yêu cầu thành phẩm | Chọn ba chỉ tươi ngon với các dấu hiệu như màu hồng tươi sáng, ấn tay vào có độ đàn hồi tốt, phần nạc mỡ đan xen dính vào nhau, không bị long. | Sau khi sơ chế, ướp thịt trước với đường để khi kho phần mỡ được trong. | Thịt kho miền Nam luôn có thêm tỏi, nước dừa tạo hương vị rất riêng, thơm ngon. Còn thịt kho miền Bắc lại không thể thiếu hành khô."
Thịt kho măng đơn giản,50 phút,4-5 người,Dễ,"500 gram thịt ba chỉ | 500 gram măng | Gia vị: Mắm, muối, hạt nêm, đường, hạt tiêu | Hành khô, hành lá, ớt, tỏi | Nước dừa tươi","Măng cắt miếng vừa ăn, rửa sạch. Cho vào nồi, thêm nước xâm xấp, chút muối, luộc măng 2-3 lần nước cho tới khi hết nước đắng. Rửa sạch măng, để ráo nước. | Cho một thìa canh mỡ lợn hoặc dầu ăn vào chảo, phi thơm tỏi rồi cho măng vào xào. Nêm một thìa canh nước mắm, 1/2 thìa cà phê hạt nêm, đảo đều, tắt bếp, múc măng ra để riêng. | Thịt thái miếng vừa ăn, cho vào nồi cùng lượng nước xâm xấp, thêm ít muối hạt, đun sôi, chần sơ và rửa sạch, để ráo. | Cho thịt vào tô lớn, ướp với: 1 thìa canh hành tím băm, 3 thìa cà phê nước mắm, 1 thìa cà phê muối, 1/2 thìa cà phê hạt nêm, 1/2 thìa cà phê hạt tiêu, 3 thìa cà phê nước hàng. Ướp tối thiểu trong 30 phút, hoặc ướp lâu hơn thì dùng màng bọc thực phẩm, bọc kín để tủ lạnh ướp thì thịt càng thấm gia vị, sẽ ngon hơn. | Cho một lớp hành khô mỏng dưới đáy nồi đất, cho thịt cùng nước ướp vào nồi. Thêm 1 bát nước dừa tươi, ít gốc hành cùng ớt để nguyên quả vào. | Đun sôi, hạ nhỏ lửa, nêm nếm lại gia vị theo gia đình. | Kho nhỏ lửa cho tới khi thịt mềm, nước hơi sánh. Lúc này, thêm măng đã xào vào, đảo đều cho thấm gia vị, nấu 5-7 phút. | Rắc thêm hành lá, hạt tiêu và tắt bếp."
Thịt kho tiêu kiểu Nam Bộ,50 phút,4-6 người,Dễ,"600 gr thịt ba chỉ (phần nạc mỡ đan xen) | Hạt tiêu (tiêu sọ, tiêu xanh) | 1 quả dừa tươi lấy nước | 4 tép tỏi | 4 củ hành khô | 4 quả ớt (tùy chọn) | Hành lá | Gia vị: Mắm, muối, đường, hạt nêm","Thịt ba chỉ chọn phần nạc mỡ đan xen, cạo sạch lông ở da, rửa sạch, xắt miếng vừa ăn. | Hành, tỏi băm nhỏ. Hành lá rửa sạch, phần đầu hành đập dập, phần lá cắt nhỏ. Hạt tiêu đập dập, phần tiêu xanh rửa sạch. Tùy theo khẩu vị mà điều chỉnh độ cay cho phù hợp. Dừa tươi lấy nước để kho tạo vị ngọt thanh và lên màu đẹp mắt. | Cho 2 thìa canh đường vào chảo thắng nước màu (nước hàng) trên lửa nhỏ vừa. Khi đường sôi nổi bọt to thì hạ lửa nhỏ, lắc nhẹ đều để tan hẳn đường. Khi đường chuyển màu cánh giá, nổi bọt nhỏ là đạt. Không để lâu đen quá thì nước màu đắng. | Trút thịt vào phần nước hàng đảo đều để nước hàng bám đều các mặt. Sau vài phút thịt săn lại, gia vị rút vào trong. | Đổ nước dừa tươi vào xâm xấp mặt thịt. Khi nước sôi hạ lửa nhỏ liu riu kho. Nêm nếm lại gia vị cho vừa miệng. Thêm tiêu xanh, ớt nguyên quả vào kho cùng. Mở vung nồi, dùng lá chuối hoặc lá mít đậy lên nếu có (vừa giúp thịt trên bề mặt không bị khô, vừa ít bọt). Khi nước kho hơi sánh sệt thì đảo đều, rắc hành lá, hạt tiêu xay cho dậy vị, tắt bếp và múc ra thưởng thức. Trang trí thêm chút tiêu xanh cho bắt mắt. | Nên chọn thịt dọi quế với nạc mỡ đan xen kho là ngon nhất. | Tùy theo khẩu vị mà điều chỉnh lượng hạt tiêu cho phù hợp. | Thịt kho miền Nam luôn có thêm tỏi, nước dừa tạo hương vị rất riêng, thơm ngon. Còn thịt kho miền Bắc lại không thể thiếu hành khô."
Thịt kho trứng chả kiểu Bắc,40 phút,4-6 người,Dễ,"700 gr thịt ba chỉ | 200 gr chả mỡ hoặc chả quế | 5 quả trứng | 4 củ hành khô | Gia vị: Mắm, muối, đường, nước hàng, hạt nêm, hạt tiêu","Thịt kho từ 2 lần lửa trở lên sẽ đượm vị đượm màu ngon nhất. Lần lửa 1: Trút thịt đã ướp vào nồi, bật bếp đảo cho thịt săn lại giúp gia vị ướp ngấm vào trong thớ thịt. Trút nước nóng vào xâm xấp bề mặt rồi đun sôi, hớt bỏ bọt nếu có rồi hạ lửa nhỏ kho liu riu. | Trong lúc đó thì luộc trứng chín, ngâm nước, bóc vỏ. Để trứng chiên không bị nổ thì cho vào lò nướng khoảng 180 độ C ở 4 - 5 phút cho khô se bề mặtrồi đem chiên vàng giòn. Cho phần chả mỡ vào chiên sơ bề mặt. Trứng chiên là nét riêng của món thịt kho miền Bắc. | Trút phần trứng chiên và chả mỡ vào nồi thịt kho, thêm nước tùy chọn, nêm nếm lai gia vị cho vừa miệng rồi tiếp tục kho ở lửa nhỏ. Sau khoảng 20 phút tắt bếp, để nguội cho ''thịt hồi'' để thịt, trứng, chả đượm màu hơn khi kho lửa 2. Trước khi ăn kho tiếp lửa 2 cho tới khi thịt mềm, trứng và chả ngấm vị, chuyển màu hổ phách, nước kho hơi sánh là được. | Yêu cầu thành phẩm: Thịt kho giữ nguyên miếng, phần mỡ trong, vị đậm đà. Trứng dai dai bùibùi, chả mỡ thấm trọn vị ngọt ngon từ thịt. Nước kho sóng sánh hấp dẫn. Món này ăn kèm xôi hay cơm trắng kèm dưa góp hoặc dưa củ cải trong tiết trời se lạnh rất hợp và kích thích vị giác. | Chọn thịt ba chỉ với màu hồng tươi sáng tự nhiên, thớ thịt liền khối, lớp da mỏng. Khi ấn tay vào có độ đàn hồi tốt. Tránh mua thịt màu vàng hoặc trắng bợt, có mùi lạ, mềm nhão là thịt ôi thiu, không đảm bảo sức khỏe. | Thịt kho kiểu Bắc thường đi kèm hành khô. Thuở xưa, các bà các mẹ thường tận dụng cả vỏ hành khô kho cùng, vừa tiết kiệm lại vừa tạo vị dẻo bùi rất riêng. | Các món kho thịt, kho cá cần kho từ 2 lần lửa sẽ lên màu đẹp và đượm vị thơm ngon hơn. | Tùy theo khẩu vị mà kho keo hoặc sánh chút nước để rưới nước kho ăn kèm xôi, cơm trắng rất ngon."
Thịt kho tàu kiểu miền Tây,90 phút,6-8 người,Dễ,"1 kg thịt ba rọi (ba chỉ) | 5 - 6 quả trứng vịt | 1 quả dừa tươi lấy nước | Lá mít | Ớt sừng, tỏi, hành tím | Gia vị: Mắm, muối, đường, bột ngọt","Thịt lợn chọn ba chỉ rút sườn là ngon nhất vì đủ nạc, mỡ đan xen cân đối, phần mỡ cũng không ngán và thịt nạc không khô dai. Thịt cạo hết lông ở da, chà xát chanh và muối hạt rồi rửa sạch, thấm khô, xắt miếng bao diêm (4-5 cm). Ướp thịt với chút đường trước để giúp cho phần mỡ và da khi kho được trong mà ăn giòn, không bị ngấy. Người miền Tây còn truyền nhau kinh nghiệm đem phơi nắng trong một giờ cho thịt được trong. | Nét đặc trưng của thịt kho tàu miền Tây là nhiều nước và thường sử dụng nước dừa tươi để kho vừa tạo vị ngọt thanh, vừa giúp lên màu đẹp mà không cần dùng nước màu. Người dân nơi đây có thêm bí quyết để nồi nước kho được trong, ít váng mỡ và nhanh mềm là sử dụng lá mít. Theo nhiều nghiên cứu, trong nhựa lá mít cũng chứa protease giống đu đủ, giúp thịt xương nhanh mềm. | Thịt kho miền Nam nói chung không thể thiếu tỏi, còn thịt kho miền Bắc luôn đi cùng hành khô. Tỏi, hành, ớt sừng đem giã nát để tiết ra tinh dầu giúp món ăn thơm hơn. Trút thịt vào âu, thêm tỏi, hành, ớt giã nát và 2 thìa canh nước mắm, 1/2 muỗng canh đường, 1 muỗng cà phê muối, 1 muỗng cà phê hạt nêm (hoặc bột ngọt) đảo đều và ướp tối thiểu trong 1 giờ cho thấm vị. | Trút nước dừa vào nồi (căn lượng nước đủ xâm xấp mặt thịt) đun sôi để giúp bay bớt vị chua. Sau đó, cho phần thịt đã ướp vào đun sôi. Nêm nếm lại gia vị cho vừa miệng. Khi nước sôi mở vung, hạ lửa nhỏ và xếp lá mít trên bề mặt. Sau 2 - 3 lần sôi, khi thịt mềm cho trứng vịt vào. Lá mít giúp hút bọt nên nước kho được trong, đỡ tốn thời gian canh hớt bỏ bọt. Đồng thời cũng giúp phần thịt, trứng nổi bên trên không bị xỉn màu. | Trong quá trình kho, châm thêm nước để thịt và trứng luôn ngập. Kho đến khi thịt mềm như ý muốn là được. | Yêu cầu thành phẩm:Từng miếng thịt kho tàu giữ nguyên miếng, ánh màu hổ phách nhẹ đẹp mắt. Khi ăn, thịt mềm rệu (rục) như tan trong miệng, nước kho sóng sánh vị thanh  ngọt, hột vịt ngấm trọn gia vị ngọt ngon, dậy mùi thơm từ các gia vị. Món này ăn kèm dưa giá củ kiệu thì bao sơn hào hải vị cũng nhường chỗ. | Thịt kho tàu miền Tây cắt miếng to, ướp chút đường và phơi nắng trước sẽ giúp mỡ và da trong hơn, khi kho giữ được nguyên miếng. | Kho liu riu và mở vung, dùng lá mít hoặc lá chuối che kín bề mặt giúp nước kho được trong, không tốn thời gian hớt bỏ bọt. | Canh mực nước trong nồi thịt kho, nếu cạn thì chêm nước sôi vào để tránh thịt, trứng bị khô đen. | Cho thịt vào kho trước, khi thịt mềm mới cho trứng vì nếu cho trứng vào sớm, kho lâu dễ bị chai cứng, kém vị. | Người miền Tây xưa tỉ mỉ hơn đem tỏi lùi trong tro bếp cho chín rồi gói lại trong bọc vải mỏng thả vào nồi nước kho để nước được trong, không lợn cợn."
"Bí quyết làm chè bưởi cùi giòn, không bị đắng",65 phút,10-12 người,Dễ,1 quả bưởi tươi | 100 gr đậu xanh | 150 gr đường cát trắng | 2 - 3 miếng đường thốt nốt | 3 - 4 lá dứa | Bột năng | Nước cốt dừa | Muối,"Chọn và gọt bưởi:Nên chọn quả bưởi tươi, cùi dày. Quan trọng nhất để món chè bưởi thơm ngon là sơ chế kỹ để cùi hết đắng và giòn sần sật. Bưởi gọt bỏ hết phần vỏ màu xanh (vốn chứa tinh dầu gây đắng). Khía dọc các lát nhẹ từ trên xuống dưới rồi tách lớp cùi ra, lọc phần màng bên trong để cùi không bị dai. | Thái cùi bưởi:Đặt các miếng cùi bưởi lên thớt, thái thành các lát dọc rồi thái ô vuông giống hạt lựu nhỏ khoảng 1,5cm để khi ngâm rồi bao áo bột năng là vừa. Nếu thích ăn cùi to hơn thì tăng kích thước lên. | Ngâm cùi bưởi:Để khử đắng và làm trôi tinh dầu còn ở vỏ gây đắng: Cho cùi bưởi vào nước nóng già, thêm 2 muỗng canh muối, 2 muỗng canh bột năng giúp hút tinh dầu ở vỏ bưởi, ngâm khoảng 15 - 20 phút rồi xả nước lạnh rửa sạch. Cho cùi bưởi vào túi lưới hoặc khăn xô bóp, vắt và tiếp tục xả nước cho tới khi hết đắng là được. Pha hỗn hợp nước ngâm cùi bưởi gồm: nước, đường, bột năng là 1:1:1 (150ml nước, 150 gr đường cát trắng hoặc cát vàng đều được, 150 gr bột năng) khuấy đều rồi cho cùi bưởi cùng nước vào hộp xâm xấp bề mặt để ngâm. Thời gian ngâm càng lâu cùi bưởi càng dai giòn, tối thiểu là 4 tiếng. Nếu để qua đêm trong ngăn mát tủ lạnh càng tốt. | Bao áo cùi bưởi:Cùi bưởi sau khi ngâm nước đường bột năng nở căng vớt ra rổ, bóp sơ qua. Chuẩn bị sẵn một bát rộng đựng bột năng bao áo. Lần lượt lấy từng nắm cùi bưởi cho vào bột năng phủ đều bao áo các mặt. Làm lần lượt cho tới hết. | Luộc cùi bưởi:Đun sôi nồi nước, cho cùi bưởi vào luộc. Khi cùi bưởi chuyển màu trong, nổi lên thì đã chín, vớt ra xả nước lạnh để không dính vào nhau. Cho cùi bưởi vào âu nước đá. Việc sốc/hãm nhiệt giúp cho cùi bưởi dai giòn sần sật. | Đỗ xanhngâm nước tầm 4 giờ cho nở (nếu muốn nhanh ngâm 2 giờ với nước ấm). Sau đó đem hấp khoảng 8 - 10 phút cho chín, giữ nguyên hình dạng là được. Chú ý theo dõi, không hấp lâu hay đảo nhiều làm hạt đỗ bị vỡ nát. | Nấu chè:Đun sôi 1 - 1,2 lít nước cùng 2 - 3 viên đường thốt nốt để tạo màu hổ phách đẹp mắt. Vị ngọt điều chỉnh lại tùy theo khẩu vị cá nhân. Thêm lá nếp tạo mùi thơm cùng 1/4 thìa cà phê muối giúp đậm vị ngọt hơn. Khi nước sôi, đường tan vớt lá nếp ra. Hòa tan 1 bát nước với 150 gr bột năng rồi đổ từ từ vào nồi, vừa đổ vừa khuấy nhẹ tay theo một chiều cho tới khi sánh sệt lại như ý muốn. Cho cùi bưởi cùng đỗ xanh vào, khuấy nhẹ tay theo một chiều để hòa đều là được. | Nấu nước cốt dừa:Cho 1 lọ nước cốt dừa (400ml) cùng 50 ml nước, 30 gr đường, 20 gr bột năng cùng chút muối khuấy đều rồi cho lên bếp đun ở lửa nhỏ vừa. Khuấy đều cho tới khi hỗn hợp nước cốt dừa sôi lăn tăn hơi sanh sánh lại là được, tắt bếp để nguội. Nếu muốn thơm ngậy hơn cho chút bột béo mua ở các tiệm làm bánh vào từ đầu. | Trình bày và thưởng thức:Chè bưởi ăn nóng hay ăn lạnh đều ngon. Vào mùa hè ăn lạnh, múc chè ra bát thêm đá bào, nước cốt dừa và thưởng thức. | Yêu cầu thành phẩm: Bát chè thu hút bởi màu sắc hấp dẫn, khi ăn cảm nhận rõ cùi bưởi giòn sần sật, đậu xanh bùi bùi, nước cốt dừa béo ngậy. Tất cả hòa quyện làm nên món chè giải nhiệt, được nhiều người yêu thích vào mùa hè."
Bún ốc nguội Hà Nội chuẩn vị xưa,45 phút,4-5 người,Dễ,"1,5 kg ốc mít | 1 kg ốc đá hoặc ốc vặn để luộc lấy nước dùng thêm | 1 kg bún hến (bún đồng xu, bún vẩy ốc làng Phú Đô) | Ớt chưng: Ớt bột, hành khô, mỡ lợn, dầu màu điều tạo màu | Giấm bỗng nếp ngon, gia vị | Vại sành đựng nước dùng ốc, muôi gỗ để múc","Sơ chế ốc | Chuẩn bị bún:Bún dùng cho bún ốc nguội phải là loại bún hến nhỏ xinh, hay còn gọi là bún đồng xu, bún vẩy ốc làng Phú Đô mới chuẩn vị. | Làm ớt chưng:Phi thơm hành khô với mỡ lợn, thêm chút dầu màu điều để lên màu đẹp mắt, thêm 3 - 4 thìa canh ớt bột vào chưng ở lửa nhỏ. Nêm chút muối cho đậm vị. Nếu không có dầu màu điều thì có thể băm nhỏ cà chua, trút vào xào nhuyễn rồi cho ớt bột vào chưng để tạo màu và độ sánh đẹp mắt. Để nguội cho mỡ ngấm đều vào từng hạt ớt chưng để có màu nâu đỏ đẹp mắt. | Hấp ốc và làm nước dùng | Trình bày:Bày ốc mít vào mẹt, xếp bún đồng xu ở dưới lót dưới lá dong xanh, bên cạnh là vại sành đựng nước riêu ốc cùng lọ ớt chưng, giấm bỗng đun sôi để nguội nếu ai thích ăn chua thêm vào.Khi ăn, dùng gai bưởi khêu từng ốc mít cho vào bát chiết yêu, dùng muôi gỗ nhỏ múc nước riêu ốc vào (không dùng muôi kim loại dễ làm nước ốc bị tanh). Thêm chút ớt chưng tạo vị cay và thưởng thức."
Cá trắm kho chuối xanh kiểu Bắc,180 phút,4-5 người,Dễ,"1 kg cá trắm đen | 4 quả chuối xanh | 200 gr thịt ba chỉ | Riềng, gừng, hành khô, ớt khô, sả | Gia vị: Mắm, muối hạt, đường, nước hàng, hạt tiêu, tương bần (nếu thích vị xưa)","Có nhiều cách truyền thống khử mùi tanh của cá khi sơ chế như: Chà xát chanh, muối hạt, rửa bằng nước vo gạo, rượu và gừng đập dập... | Khi ướp cá nên vắt thêm ít nước cốt chanh sẽ giúp thớ cá cứng lại khi kho nhưng vẫn giữ độ mềm ngon. | Khi chêm nước kho cá, bắt buộc phải nước sôi để đảm bảo không bị tanh. | Cá kho 2 lần lửa là ngon nhất. Lần 1 khoảng 40 - 45 phút, tắt bếp, để nguội cho thịt cá hồi dẻo lại. Lần 2 kho càng lâu cá càng nhừ xương, nước kho đậm vào từng thớ thịt và lên màu đẹp mắt. | Có thể dùng lá ổi, lá chè xanh hoặc thêm tai chua vào kho cùng, vừa giúp khử mùi tanh, vừa tạo hương vị thơm ngon cho món ăn."
Pate,180 phút,6-8 người,Dễ,"400 gr thịt nạc vai xay | 200 gr gan lợn | 100 gr bì | 100 gr mỡ phần | 1 cái bánh mì | 1 củ hành tây | Tỏi, hành khô, sữa không đường, bơ lạt | Gia vị: Mắm, muối, hạt nêm, hạt tiêu, rượu trắng","Để làm pate cần có gan tươi (màu đỏ sẫm, bề mặt mịn, ấn tay vào có độ đàn hồi).Để khử mùi tanh, khía nhẹ vài đường lên miếng gan rồi ngâm với nước muối loãng và rượu cùng chút tỏi đập dập, sau đó rửa sạch. Một bí quyết khác là nướng sơ cho hơi xém bề mặt sau đó thái miếng gan và ngâm với sữa tươi không đường trong 20-30 phút. | Bánh mì xé nhỏ, ngâm với 100 ml sữa tươi. Bánh mì giúp pate mềm mịn hơn. | Thịt vai xay chọn phần nạc mỡ đan xen để pate không bị khô. Ướp thịt với chút mắm, muối, hạt nêm, hạt tiêu thấm vị. | Bì lợn cạo sạch lông rồi luộc chín, thái nhỏ để trộn cùng, tạo độ kết dính cho pate. Mỡ phần luộc cùng chút đường để giúp mỡ được trong và pate không bị khô, mướt mềm hơn. Mỡ phần chia 2: Một phần thái hạt lựu cho vào pate, một phần thái lát để lót khi hấp. | Phi thơm tỏi và hành tây với bơ, trút gan vào xào chín tới để giữ độ mềm và không bị khô cho pate. Nêm gia vị cho vừa ăn, thêm hạt tiêu, chút rượu để khử tanh gan. | Tiếp tục phi thơm tỏi và hành tây còn lại với bơ, trút thịt xay vào xào chín tới. Cho bánh mì ngâm sữa, bì lợn, mỡ phần thái hạt lựu vào đảo đều, nêm nếm gia vị cho vừa miệng, tắt bếp. | Để hỗn hợp trên nguội bớt rồi cho vào máy xay, nếu thích pate còn thịt rối thì xay một lần, còn nếu thích pate mịn thì xay nhuyễn. Phết dầu ăn hoặc bơ dưới đáy khay/hộp, lót mỡ phần thái lát mỏng rồi đổ hỗn hợp trên vào lắc đều, vì pate khi hấp sẽ nở nên chỉ để lượng khoảng 2/3 khay. Lấy giấy bạc bọc kín bề mặt để nước không rơi xuống, rồi cho lên bếp hấp cách thủy khoảng 3 - 5 tiếng là được. | Yêu cầu thành phẩm: Pate mềm nhừ, béo ngậy, khi ăn như tan trong miệng. Món này dùng phết bánh mì hay ăn cùng xôi, cơm trắng đều ngon và tiện dụng, nhất là vào buổi sáng."
Xíu mại,45 phút,4-6 người,Dễ,"400 gr thịt heo xay | 100 gr mỡ lợn | 4 quả cà chua | 1 củ đậu (củ sắn miền Nam) | 1 cái bánh mì | 1 củ hành tây | 1 lòng đỏ trứng gà | Rau gia vị: Hành lá, rau mùi (ngò rí) | Gia vị: Mắm, muối, đường, dầu hào, hạt nêm, tương cà, tương ớt, hành, tỏi | Bột năng hoặc bột bắp","Mỡ phần luộc qua rồi thái nhỏ, trộn cùng thịt xay để tăng phần béo ngậy cho xíu mại mà không bị khô. Ướp hỗn hợp thịt với 1 muỗng cà phê nước mắm, 1/2 muỗng cà phê đường, 1/2 muỗng cà phê tiêu, 1/2 muỗng cà phê hạt nêm cho thấm vị. | Củ đậu (củ sắn miền Nam) cắt nhỏ, đem hấp hoặc chần qua nước sôi vắt ráo nước. | Cà chua khía đường chữ thập ở vỏ, chần qua nước sôi rồi bóc bỏ vỏ, băm nhỏ hoặc xay nhuyễn. | Bánh mì nướng giòn, bóp vụn. Bánh mì vừa giúp cho xíu mại mềm hơn, vừa tạo độ kết dính khi vo viên. | Hành tỏi băm nhỏ, hành lá rửa sạch, xắt nhỏ. | Xíu mại là món ăn bắt nguồn từ Trung Quốc từ thế kỷ 14, nguyên bản được làm từ thịt cừu, bọc trong lớp bột mỏng rồi hấp, ăn kèm rau. Sau đó lan tỏa sang nhiều quốc gia với các biến thể khác nhau từ thịt lợn, bò, tôm và nguyên liệu bản địa. | Ở Việt Nam, xíu mại cũng được biến tấu theo phong vị từng vùng miền: Xíu mại phổ biến là thịt lợn trộn cùng rau củ quả rồi vo viên, hấp, rưới lên nước sốt sệt từ cà chua đỏ au. Ngoài ra còn có xíu mại Đà Lạt, xíu mại trứng cút, xíu mại trứng muối đều rất ngon."
Gỏi gà măng cụt,95 phút,4-5 người,Dễ,"2 kg măng cụt xanh | 1 con gà ta (1,2 - 1,4 kg) | 1 củ hành tây | 1 quả ớt sừng | 1/2 củ cà rốt | 1/4 cái bắp cải tím | Tỏi, ớt, rau răm, rau húng, gừng | Gia vị: Mắm, muối, đường, chanh, hạt tiêu, giấm | Lạc rang thơm | Hành phi | Ăn kèm phồng tôm hoặc bánh tráng","Măng cụt chọn trái vỏ xanh hoặc chuyển vàng nhẹ bởi lúc này thịt giòn ngọt, chua nhẹ, thích hợp để làm gỏi. Khâu sơ chế măng cụt rất kỳ công và tỉ mỉ vì vỏ xanh cứng, nhiều mủ (nhựa). Bí quyết để măng cụt được trắng giòn, không bị thâm là: Chuẩn bị sẵn thau nước mát pha chút nước cốt chanh và muối. Gọt măng cụt dưới vòi nước chảy nhẹ liên tục cho trôi mủ. Gọt lấy phần thịt ngâm ngay vào thau nước chanh muối loãng. Thường thì 2 kg măng cụt xanh cả vỏ sau khi gọt thu về 400 - 500 gr thịt măng cụt tươi, đủ để làm đĩa gỏi to. Sau đó, thái măng cụt thành từng lát hình cánh hoa vừa ăn rồi ngâm vào nước đá cho măng cụt được giòn. | Gà làm gỏi nên chọn gà ta hoặc gà tre thịt chắc, da giòn, vàng ươm, vị ngọt tự nhiên là ngon nhất. Gà làm sạch, chà xát chanh và muối hạt rồi rửa sạch. Luộc gà với hành tím, nhánh gừng đập dập cho thơm, thêm chút muối, hạt nêm, hạt tiêu cho ngọt thịt. Gà luộc chín, vớt ra để nguội, xé miếng vừa ăn (không xé nhỏ quá). Một số hàng quán thay gà luộc bằng gà ủ muối hoa tiêu cũng có dư vị riêng. | Hành tây thái lát mỏng ngâm vào âu nước đá, thêm chút giấm, đường cho khử hăng và hành giòn. Cà rốt bào sợi, cũng ngâm riêng vào âu nước đá cho giòn. Bắp cải tím thái mỏng, rửa sạch. Rau răm rửa sạch, cắt rối. Ớt sừng bỏ hạt, thái sợi mỏng dài. Tùy theo khẩu vị mà điều chỉnh rau củ quả trộn gỏi cho phù hợp như thêm dưa leo, xoài xanh... | Làm nước sốt trộn gỏi: Có thể làm sẵn để tủ lạnh, dùng dần khi có món gỏi rất tiện lợi. Tỷ lệ mắm: đường: giấm và chanh thường là 2:2:1 (4 thìa canh mắm, 4 thìa canh đường: 2 thìa canh giấm + chanh) khuấy tan cho sanh sánh lại, thêm tỏi, ớt bằm nhuyễn. Nêm nếm lại cho vừa miệng với vị chua ngọt mặn hài hòa. Nếu làm nhiều nên nấu hỗn hợp mắm, đường, giấm cho sanh sánh rồi để nguội, bỏ vào hũ lọ rồi dùng dần khi làm món gỏi bất kỳ. Hành khô phi tăng vị cho món ăn. | Món gỏi gà măng cụt thêm tròn vị khi ăn cùng phồng tôm chiên giòn rụm. | Cho măng cụt, thịt gà cùng các loại rau củ quả vào âu lớn, rưới nước sốt chua ngọt vào trộn gỏi dong tay cho thấm gia vị. Chắt bỏ nước sốt cho khô ráo, thêm 1/2 lượng rau thơm cùng 1/2 lạc rang giã dập đảo đều. Trình bày nộm ra đĩa, rắc thêm lạc rang còn lại lên trên cùng hành phi, rau thơm và lạc rang còn lại lên trên và thưởng thức. | Yêu cầu thành phẩm: Gà ta chắc thịt, da vàng trộn cùng măng cụt giòn ngọt, chua và chát nhẹ, rau củ tươi mát. Món này thường dọn kèm cháo gà nấm (nấu từ nước luộc gà), kèm đĩa mắm chua ngọt hoặc thích đậm vị hơn thêm đĩa muối ớt."
Bánh đúc nóng từ cơm nguội,40 phút,3-4 người,Dễ,"2 chén cơm nguội đầy | 2/3 chén bột năng | 200 g thịt nạc vai xay | 1/2 chén đậu xanh đã cà vỏ | 4 chén nước hầm xương (hoặc nước lọc) | 2 tai mộc nhĩ, ngâm nở, thái nhỏ | Hành lá, hành khô, rau mùi, ớt | Gia vị: mắm, muối, hạt nêm, đường (tùy khẩu vị) | Dầu ăn","Cách làm phần bột:Cho cơm nguội cùng 1/2 nước hầm xương (hoặc nước lọc và chút muối) vào máy sinh tố xay nhuyễn, lọc qua rây. Nếu còn phần bột chưa mịn thì tiếp tục cho số nước còn lại vào xay nhuyễn, lọc tiếp qua rây lấy hỗn hợp bột gạo mịn cho vào nồi. Khuấy tan bột năng với chút nước lọc rồi cho vào hỗn hợp cơm nguội xay ở trên, đánh tan, để hỗn hợp bột nghỉ một lúc trong khi chờ làm phần topping bánh. | Cách làm phần topping:Phi thơm hành khô, cho thịt lợn xay, mộc nhĩ (đã ngâm nở, thái nhỏ) vào xào thơm, nêm nếm mắm, muối, hạt nêm vừa miệng. Đậu xanh rửa sạch, hấp chín mềm, để riêng. | Phần mỡ hành:Hành lá rửa sạch, vẩy ráo, thái nhỏ cho vào bát cùng chút muối, 2 thìa canh dầu ăn đảo đều, quay lò vi sóng 15-20 giây, gạn lấy hành riêng, phần dầu ăn thì cho vào hỗn hợp bột xay ở trên. | Nấu bánh đúc:Khuấy bánh đúc liên tục, đều tay trên lửa vừa để bột đặc quánh lại. Hạ nhỏ lửa rồi tiếp tục quấy đều cho tới khi bột chuyển màu trong, dẻo quánh, thời gian khoảng 15 phút. | Nước chấm: Pha nước mắm: đường: nước lọc theo tỷ lệ 1:1:5 (2 thìa canh nước mắm 30 độ đạm, 2 thìa canh đường: 10 thìa canh nước lọc), khuấy và đun sôi, tắt bếp. | Trình bày và thưởng thức:Múc bánh đúc ra bát, thêm thịt băm xào mộc nhĩ, đậu xanh hấp chín, mỡ hành lá, ớt (nếu ăn được cay), rưới đẫm nước mắm chua ngọt lên trên, thêm rau mùi và thưởng thức nóng. | Yêu cầu thành phẩm: Bánh mềm mượt, sánh dẻo quyện với thịt băm và mộc nhĩ giòn sần sật, đậu xanh bùi bùi... làm nên bữa sáng ngon tiết kiệm thời kỳ giãn cách."
Phở cuốn hương vị phương Nam,60 phút,4 người,Dễ,"0,5 kg bánh phở tươi loại mỏng, chưa cắt sợi | 100 g nạc tôm tươi | 200 g nạc ức gà | 100 g măng tươi luộc kỹ | 100 g nấm rơm | 30 g nấm mèo (mộc nhĩ) | 1/2 thìa súp gừng non cắt sợi nhuyễn | 1/2 thìa súp hành tím | Rau sống (xà lách, ngò lá, húng lủi, húng cay).","Tôm tươi, ức gà, măng tươi, nấm rơm, hành tím, nấm mèo băm nhỏ. | Trộn đều tôm, gà, nấm, gừng non, hành tím vào xào chín với dầu vừa đủ, nêm tùy ý, rắc vào một thìa cà phê bột năng, trộn đều cho hỗn hợp quyện vào nhau là tắt bếp. | Chuẩn bị ít xà lách xé nhỏ, ngò lá, húng lủi, húng cay. | Trải từng lá bánh phở ra khay, tùy bánh lớn nhỏ, cắt làm hai hoặc làm bốn cho dễ cuốn, lót ít xà lách, rau thơm, trải nhân lên cuốn tròn cho chặt tay, cắt khúc ngắn vừa ăn. | Lưu ý, bánh phở mau khô mặt, trước và sau khi cuốn nên dùng khăn vải ẩm đậy lên bánh. | Nước chấm: Phi thơm hai thìa súp dầu với một tép tỏi băm và một thìa cafe bơ lạc, cho vào hỗn hợp 100g tương Bắc, một thìa súp xốt cà chua đặc, 3-4 thìa nước lọc, đun sôi, nêm lại với ít đường, bột ngọt tùy khẩu vị; làm sánh với ít nước bột năng. Tùy ý thêm tỏi ớt xào."
Phở gà Hà Nội truyền thống,120 phút,6-8 người,Dễ,"1 con gà mái (2 kg) | 2 bộ xương gà, sá sùng (nấu nước dùng) | Gia vị: Hành khô, hành tây, gừng, rễ mũi, rễ hành lá, hạt mùi | Gia vị nêm: Mắm ngon, muối, đường phèn | Rau gia vị: Hành lá, rau mùi, lá chanh | Bánh phở tươi | Giấm tỏi, chanh, ớt","2. Luộc và lọc thái gà | Luộc gà: Trước khi luộc trụng nhanh gà qua nước sôi với chút gừng khử mùi hoi,tạp chất và khi luộc nước dùngđượctrong. Tiếp theo cho gà vào nồi đế dày, đổ ngập nước rồi thêm gừng, hành khô, chút muối. Đun cho gà nóng dần lên, khi nước sôi thì hạ lửa sủi tăm, hớt bỏ bọt. Ban đầu, luộc tầm 5 phút tắt bếp, đậy vung và om gà 25-30 phút để gà ngậm nước chín đều, không bị đỏ xương, không bị rách da. | Lọc và thái thịt gà:Gàchínvớt ra ngâm vào âu nước đá để da giòn. Khi nguội vớt ra treo lên cho ráo nước. Muốn gà có màu vàng ươm đẹp mắt phết chút mỡ nghệ. Sau đó, dùng dao sắc lần lượt lùa vào tháo các khớp tách rời ra các phần thân, chân, cổ, cánh rồi lọc và thái nhỏ, bày lên đĩa, rắc chút lá chanh. Phần lòng tiết thái miếng rồi dùng lá hành chần buộc lại, trứng non cũng luộc chín bày ra. | d. Trình bày và thưởng thức: | Bánh phởtrụng nước sôi rồichovào bát tô, xếp thịt gà, tràng trứng, lòng gà, hành lá, rau mùi rồi múc nước dùng nóng rẫy chan ngậplà có tô phở gà thơm ngon. Món này ăn kèm giấm tỏi, chanh, ớt và quẩy tùy chọn. | Phở gà truyền thống Hà Nội không sử dụng quế, hồi mà chỉ có hành, gừng nướng cùng rễ mùi, rễ hành tạo phong vị nhẹ thanh riêng. | Nước dùng phở gà ngọt tự nhiên từ xương hầm kỹ cùng sá sùng nướng, chứ không dùng mì chính. Khi nấu nước dùng nên mở vung,đểlửa nhỏ nước mới trong thanh. Nêm chút nước mắmvào cuối để tăng vị đậm sâu, không cho mắm sớm quá làm nước dùng chua, cũng không chonhiều quá làm nước dùngbị nồng. Thêm chút đường phèn để làm mềm nước dùng cũng lá bí quyếtxưa. | Trong cuốn ''Những món ngon Hà Nội'', nhà văn Vũ Bằng ca ngợi ''Phở gà có phong vị riêng'' với nước dùng thanh hơn phở bò, thịt vừa đủ, điểm xuất hành sống xanh lưu ly, vài miếng ớt đỏ... trông tựa nhưnàng con gái thanh tân, còn phở bò như chàng trai với hào khí riêng.Ngày xưa, còn có phở gà xào nhân - thái hạt lựu phần lòng mề rồi xào cùng mộc nhĩ, hành tây điểm vào bát phở. Tuy nhiên, làm mất đi vẻ thanh nhã của món ăn vì thế biến tấu nàytheo thời gian đãmai một dần. | Từ phở gà nước truyền thống, hiện nay theo nhu cầu thực khách, một số hàng quán biến tấu thêm phở gà trộn, phở gà chấm… cũng có hương vị riêng."
Phở bò sốt vang Hà Nội,90 phút,6-8 người,Dễ,"800 gr thịt dẻ sườn bò | 1 kg xương bò nấu nước dùng (tùy chọn) | 5 lá nguyệt quế | 4 quả cà chua chín đỏ | 1 chén rượu vang đỏ | 1 quả thảo quả | 1 thanh quế | 3 cánh hoa hồi | Gừng, tỏi | Gia vị: Mắm, muối, hạt nêm, hạt tiêu, ớt bột paprika (tùy chọn) | Dầu màu điều, bơ lạt | Rau mùi, hành lá, rau mùi tàu | Bánh phở tươi","Bò nấu sốt vang nên sử dụng dẻ sườn hoặc nạm có chút gân sẽ ngon hơn và khi ninh lâu không bị ngót mà giữ được kích thước, trông hấp dẫn hơn. | Gia vị không thể thiếu cho món sốt vang gồm có quế, hồi, thảo quả, lá nguyệt quế, rượu vang đỏ và bơ. | Món bò sốt vang Hà Nội không có khoai tây, cà rốt như bò kho miền Nam. | Hiện nay, theo thời gian, một số hàng quán dùng gấc để tạo màu nâu đỏ cho món ăn, nhưng khi ăn cảm nhận rõ không tròn vị xưa như cách nấu xưa của người Hà Nội nữa."
