"Tên Món","Nguyên Liệu","Cách Nấu"
"Sườn heo hấp kiểu Hàn Quốc","Nguyên liệu chính: 1kg sườn heo (để hấp) 1/3 củ cải to 1/2 củ hành tây nhỏ 1 gốc hành baro (phần trắng) 4 cây nấm hương tươi 1/2 củ cà rốt 2 quả ớt khô một chút vừng trắng 350ml nước 1 cây hành lá.; | Nguyên liệu nước luộc sườn: 800ml nước 1/2 cây hành baro (phần xanh) 5 tép tỏi 3 lá nguyệt quế 10 hạt tiêu nguyên hạt.; | Nguyên liệu nước sốt: 9 thìa canh nước tương, 4 thìa canh rượu sake (hoặc rượu nấu ăn), 3 thìa canh đường, 3 thìa canh siro bắp, 1 thìa canh tỏi băm, 1 thìa canh dầu mè, 1/2 thìa cà phê bột gừng, một chút bột tiêu.","Bước 1: Rửa sạch sườn dưới vòi nước. Sau đó cho sườn vào âu nước ngâm trong khoảng 1 giờ để loại bỏ hết máu thừa. Trong quá trình ngâm bạn hãy thay nước thường xuyên (khoảng 3-4 lần).; | Bước 2: Sau khi ngâm sườn xong bạn vớt ra rửa sạch lại một lần nữa. Chuẩn bị một chiếc nồi cho phần nguyên liệu nước luộc sườn vào rồi đun sôi. Sau đó bạn cho sườn heo vào luộc trong khoảng 10 phút. Tiếp đó bạn vớt sườn ra rửa sạch dưới vòi nước lạnh cho hết cặn bọt và tạp chất để ráo.; | Bước 3: Lúc này hãy tiến hành sơ chế các loại rau củ. Bạn gọt vỏ củ cải và cà rốt rửa sạch sau đó cắt thành từng khối lớn. Hành tây bóc bỏ vỏ rửa sạch rồi cắt miếng. Nấm hương cắt bỏ chân rửa sạch rồi xắt đôi. Hành baro ớt khô cắt thành từng miếng nhỏ có kích thước tương tự nhau. Hành lá đem rửa sạch rồi xắt nhỏ. Chuẩn bị một bát tô cho các nguyên liệu ở phần nước sốt vào khuấy đều để được hỗn hợp đồng nhất.; | Bước 4: Sau khi rửa sườn heo xong bạn cho vào nồi thêm phần nước sốt vừa pha xong rồi bật bếp đun ở lửa lớn trong khoảng 20 phút. Tiếp theo bạn cho củ cải cà rốt và ớt khô vào đậy nắp rồi đun sôi ở lửa vừa trong khoảng 20 phút. Lưu ý trong quá trình nấu bạn thỉnh thoảng dùng đũa đảo đều.; | Bước 5: Sau khi thấy củ cải và cà rốt chín thì bạn cho hành tây nấm hương và gốc hành baro thái nhỏ vào đun nhỏ lửa. Thêm củ cải vào và nấu cho đến khi chín sau đó thêm hành tây nấm hương và hành lá vào và đun nhỏ lửa trong khoảng 5 phút cho đến khi nước dùng rút cạn bớt.; | Bước 6: Sau khi món ăn chín bạn tắt bếp rắc hành lá xắt nhỏ và vừng trắng lên. Lấy món ăn ra đĩa là có thể thưởng thức.;"
"Bữa tối chỉ cần 1 món sườn này đảm bảo cả nhà tấm tắc khen ngon","- Vừng nguyên hạt: 1 nhúm nhỏ; | - Tương Miso: 1 muỗng canh; | - Nước lọc: 2 lít; | - Tỏi băm nhỏ: 1 muỗng cà phê; | - Dầu mè: 1 muỗng canh; | - Nước tương: 120ml; | - Tỏi băm nhỏ: 1 muỗng canh; | - Đường: 3 muỗng canh; | - Siro bắp: 3 muỗng canh; | - Dầu hào dầu mè: mỗi thứ 1 muỗng canh; | - Rượu nấu ăn: 4 muỗng canh; | - Bột gừng bột tiêu: mỗi thứ ¼ muỗng cà phê;  - Ngâm sườn heo trong nước lạnh có thể loại bỏ bụi bẩn bám trên bề mặt xương máu thừa ở thịt đồng thời giảm mùi tanh giúp cho thịt khi nấu xong sẽ ngon hơn và phần nước hầm không bị đục nhiều bọt hay hôi.; | - Nếu không có lò, bạn có thể cho sườn heo vào nồi và đun trên bếp với lửa nhỏ trong 30 phút thì vẫn có thể có món ăn với hương vị hoàn hảo nha!"",""1. Thành phần cơ bản:; | - Giá đỗ: 200g; | - Hành tây: 1 củ; | - Hành lá: 1 cây; | - Hẹ: 1 cây; | - Bánh gạo Tteokbokki: 200g; | 2. Nguyên liệu để luộc sườn:; | - Cây boaro (phần lá xanh): 1 cây; | - Tỏi: 5 tép; | - Lá nguyệt quế: 3 lá; | - Tiêu đen nguyên hạt: 10 hạt; | 3. Gia vị cho giá đỗ:; | - Muối tiêu bột vừng: mỗi thứ 1 nhúm nhỏ; | 4. Nguyên liệu gia vị:;","Bước 1: Ngâm sườn heo trong nước muối loãng 30 phút.; | Bước 2: Cho các nguyên liệu để luộc sườn gồm tương Miso nước lọc phần màu xanh của cây boaro tỏi lá nguyệt quế tiêu đen nguyên hạt vào nồi. Khi nước sôi thì cho sườn vào đun khoảng 1 tiếng.; | Bước 3: Cà rốt cắt thành lát mỏng và hành tây thì cắt thành các lát dày. Tiếp đến cắt hành lá theo đường chéo và cắt hẹ thành các khúc nhỏ.; | Bước 4: Cho sườn heo đã luộc chín và gia vị gồm nước tương tỏi băm nhỏ đường siro bắp dầu hào rượu nấu ăn dầu mè bột gừng bột tiêu vào bát rồi trộn đều lại với nhau.; | Bước 5: Cho bánh gạo Tteokbokki cùng các loại củ và hành đã cắt ở bước 3 vào khay sứ thêm sườn heo đã ướp gia vị vào và đậy lại bằng giấy bạc.; | Bước 6: Cho vào lò và nướng ở nhiệt độ 200ºC trong 30 phút. Sau 20 phút đầu hãy tháo giấy bạc ra và tiếp tục nướng 10 phút nữa.; | Bước 7: Chuẩn bị thêm một chiếc nồi khác sau đó cho vào nồi 2 chén nước. Khi nước sôi nêm vào một chút muối và cho giá đỗ vào chần giá đỗ khoảng 1 phút. Tiếp đến chắt nước qua rây rồi trộn với gia vị cho giá đỗ gồm bột ớt tỏi băm nhỏ muối dầu mè bột tiêu vừng.; | Bước 8: Cho sườn heo và giá đỗ đã ướp gia vị vào bát rồi rắc hạt vừng và hẹ lên trên là bạn đã hoàn thành xong món ăn này rồi.;"
"Các công đoạn làm món bánh tráng cuộn mì cay chỉ mất chưa đầy 10 phút. Bạn chỉ cần mua gói mì cay Hàn Quốc ở các siêu thị hay cửa hàng tiện lợi về cho vào nồi nước sôi nấu khoảng 4 - 5 phút cho phần mì mềm ra. Tiếp đến là trộn đều mì với gói sốt cay đi kèm và đặt mì vào giữa lớp bánh tráng đã được thấm nước. Cuối cùng chỉ việc gấp 4 cạnh lại để bánh tráng bọc kín phần mì bên trong. Khi ăn bạn có thể chấm với sốt mayonnaise sốt phô mai hoặc bất kì loại sốt nào mà bạn thích.","Tết này nấu xôi kiểu Hàn đảm bảo ai cũng tấm tắc khen ngon,""2. Nước lọc 180ml; | 3. Đường vàng (hoặc đường nâu đường đen đường thốt nốt) 45g; | 4. Nước tương 40ml; | 5. Dầu mè 15ml; | 7. Các loại hạt và trái cây khô: 5 quả táo đỏ khô, 7 hạt dẻ, 25g hạt óc chó, 15g hạnh nhân lát, 10g hạt hướng dương, một ít quả việt quất sấy khô, một ít hạt điều."",""1. Gạo nếp 250g; | 6. Bột quế một ít;","Bước 1: Táo đỏ rửa sạch tách bỏ hạt sau đó thái sợi.; | Bước 2: Hạt dẻ luộc chín bóc bỏ vỏ rồi thái miếng nhỏ.; | Bước 3: Thái nhỏ các loại hạt và trái cây khô.; | Bước 4: Đổ hạt và trái cây khô vào chảo chống dính rang ở lửa vừa cho các loại hạt và trái cây khô không còn bị ẩm.; | Bước 5: Gạo nếp vo sạch sau đó ngâm khoảng 1 tiếng rồi vo lại cho sạch.; | Bước 6: Cho gạo nếp vào bát tô thêm 180ml nước lọc vào rồi thêm nước tương đường vàng dầu mè vào khuấy đều.; | Bước 7: Đổ gạo nếp đã trộn đường nước tương vào nồi cơm điện và để yên 10 phút.; | Bước 8: Sau đó nhấn nút nấu (cook) và nấu chín xôi như nấu cơm bình thường. Xôi chín thì đảo đều.; | Bước 9: Thêm các loại hạt và trái cây sấy khô vào trộn chung.; | Bước 10: Đổ xôi ra khay đã lót màng bọc thực phẩm để chống dính. Dùng muỗng nhấn và dàn đều khay. Đậy nắp khay rồi cho vào ngăn mát tủ lạnh.; | Bước 11: Khi ăn thì lấy xôi ra khỏi khay thoa một lớp mỏng dầu mè vào dao rồi cắt xôi thành miếng vừa ăn là xong.;"
"Trời lạnh ăn gì? Mì kim chi nóng hổi nấu dễ mà ăn siêu ngon!","2. Đậu hũ non ½ thanh; | 3. Kim chi 1/2 bát nhỏ; | 5. Hành lá 1 gốc; | 6. Bột tiêu một chút.;","Bước 1: Đậu phụ non thái miếng vừa ăn. Hành lá rửa sạch thái nhỏ.; | Bước 2: Cho 20ml dầu ăn và 15ml nước lọc vào nồi. Cho gói súp gia vị mì vào đun ở lửa nhỏ vừa đun vừa khuấy đều.; | Bước 3: Cho 550ml nước vào nồi thêm kim chi rồi đun sôi.; | Bước 4: Cho mì và gói rau có trong mì vào.; | Bước 5: Tiếp đó thêm đậu hũ non vào.; | Bước 6: Đun sôi trở lại rồi thêm chút bột tiêu. Tùy theo bạn thích ăn cay nhiều hay ít để điều chỉnh lượng hạt tiêu nhé!; | Bước 7: Cuối cùng thêm chút hành lá thái nhỏ và lòng đỏ trứng vào là xong.;"
"Mùa đông trời lạnh ăn canh đậu hũ kim chi nóng hổi thì quá hợp!","7. Gia vị: 15ml dầu ăn 15ml dầu mè 15ml nước tương 10ml dầu hào 5g đường 15ml nước mắm một chút ớt bột.;",""
"Trong những ngày thời tiết giá rét của mùa đông thì bữa tối không cần chế biến nhiều món ăn chỉ cần một bát canh đậu hũ non nấu thịt và kim chi là đã đủ ngon cơm lắm rồi. Đậu hũ non béo ngậy mềm mượt tan chảy trong miệng. Kim chi chua cay ngọt ngọt nóng hổi rất hấp dẫn. Món ăn không chỉ ngon mà còn giúp cơ thể trở nên ấm áp hơn.","2. Thịt băm 150g; | 3. Kim chi 1 bát con; | 4. Hành tây ¼ củ; | 5. Hành lá 1 gốc;","Bước 1: Thịt băm nhỏ; kim chi hành lá hành tây thái nhỏ. | Bước 2: Đun nóng chút dầu ăn và dầu mè trong chảo cho hành lá và hành tây vào xào thơm.; | Bước 3: Đổ thịt băm vào xào cho thịt chuyển màu.; | Bước 4: Thêm kim chi vào đảo chung.; | Bước 5: Nêm đường nước tương dầu hào nước mắm bột ớt vào đảo đều.; | Bước 6: Đổ 250ml nước dùng xương và lượng nước lọc thích hợp vào.; | Bước 7: Thêm tỏi băm đun sôi.; | Bước 8: Khi canh sôi thì cho đậu hũ non vào đun sôi trở lại rồi thêm trứng là xong.;"
"Doenjang có từ hơn 2000 năm trước một khoảng thời gian đủ để định hình nền ẩm thực Hàn Quốc và ghi danh vào bản đồ ẩm thực thế giới. Cuốn sách cổ Dongui Bogam đã viết về các đặc tính y học của Doenjang từ năm 1613. Các đầu bếp cung đình triều đại Joseon cũng đã phục vụ các loại tojangguk - món hầm Doenjang đậm đà.","- Nước dùng cá cơm tảo bẹ (hoặc nước vo gạo): 500ml; | - Nước kim chi: 240ml; | - Nước tương: 1 muỗng canh; | - Rượu nấu ăn: 2 muỗng canh; | - Bột ớt: 1 muỗng canh; | - Đường: 1 muỗng canh; | - Tỏi băm nhỏ: 1 muỗng canh; | - Bột tiêu: 1 lượng thích hợp; | Thịt kho kim chi mang đến một hương vị thơm ngon từ những miếng thịt mềm, mọng nước, vị chua chua của kim chi với nước sốt cực kì hấp dẫn, nóng hổi khiến khi ăn với cơm trở nên ngon hơn bao giờ hết. Món ăn này là sự lựa chọn hoàn hảo để đổi vị cho bữa cơm gia đình, nhất là trong những ngày đầu đông trời trở lạnh."",""1. Nguyên liệu cơ bản:; | - Hành lá: 1 cây; | - Ớt đỏ: 1 trái; | - Ớt sừng: 1 trái; | 2. Thành phần gia vị:;","Bước 1: Cắt kim chi bao gồm cả cuống thành 3 phần bằng nhau. Cho các nguyên liệu gia vị gồm nước kim chi nước tương rượu nấu ăn bột ớt đường tỏi băm nhỏ bột tiêu vào bát rồi trộn đều lại với nhau để làm nước sốt.; | Bước 1:; | Bước 2: Cắt thịt cổ heo thành những miếng lớn. Cắt hành tây thành những lát mỏng tiếp đến cắt xéo hành lá và ớt.; | Bước 2:; | Bước 3: Cho kim chi vào nồi sau đó thêm thịt cổ hành tây hỗn hợp gia vị vừa trộn đều nước dùng cá cơm tảo bẹ và nước tương. Khi bắt đầu sôi thì giảm lửa vừa và đun trong 1 tiếng 20 phút.; | Bước 3:; | Bước 4: Cuối cùng bạn cho hành lá ớt đỏ và ớt sừng vào đun sôi một chút. Sau đó cắt thịt thành những miếng vừa ăn và thưởng thức với kim chi.; | Bước 4:;"
"Kim chi có tác dụng với các bệnh hô hấp chống ung thư phòng ngừa viêm da dị ứng phòng ngừa tai biến mạch máu và chống ngộ độc thực phẩm. Bên cạnh đó ăn kim chi còn giúp giảm chứng trầm cảm căng thẳng thần kinh giúp máu lưu thông tăng cường hệ miễn dịch.","Cải thảo: 3kg; | Nước mắm: 50ml; | Nước: 300ml; | Cải thảo mua về rửa sạch. Chẻ cây cải thảo làm 4 phần. Sau đó xát muối vào từng bẹ cải thảo từ ngoài vào trong lưu ý xát nhiều phần cuống còn phần lá chỉ xát qua. Làm lần lượt cho đến hết cải thảo.;",""
"Nấu nước sốt: Cho 300ml nước vào nồi hoà tan 50g bột nếp cho lên khuấy nhỏ lửa đến khi sôi lăn tăn thì cho 50g đường vào khuấy đều. Đến khi bột nếp sánh lại thì tắt bếp. Sau đó trộn ớt bột và nước mắm vào khuấy đều để nguội.","Muối: 200g; | Bột nếp: 50g; | Hành lá hẹ: 1 bó; | Ớt bột Hàn Quốc: 100g; | Đường: 50g; | Hành lá hẹ cắt khúc dài.; | Hành lá hẹ rửa sạch cắt khúc tầm 4.5cm. Gừng tỏi ớt lê thái nhỏ đem đi xay nhuyễn.;",""
"Trộn cà rốt củ cải với sốt hành hẹ cắt khúc tầm 20 phút cho ngấm.","Món canh này nấu chưa tới 10 phút là xong mà thành phẩm vừa ngon vừa bổ,""2. Rau củ10gr rong biển khô, 20gr nấm mỡ, 1 cây hành boa rô, 2-3 nhánh hành lá; | 3. Gia vịTương miso hạt nêm muối;",""
"Canh miso là món canh truyền thống của người Nhật trong các bữa ăn hàng ngày. Một phần vì thói quen nhưng phần lớn là bởi món canh này vừa bổ dưỡng vừa dễ nấu. Chị em có thể lưu lại công thức nấu canh miso mà chúng tôi gợi ý trong bài viết này. Hôm nào lười nấu nhiều món hoặc chẳng biết ăn gì cứ canh miso mà triển nha.","Bạn cho khoảng 400ml nước vào nồi cùng 2 thìa cà phê hạt nêm đun sôi. Khi nước sôi chị em thả nấm mỡ và hành boa rô đã cắt lát vào. Tiếp theo bạn rây qua rây lọc 1.5 thìa canh tương miso và khuấy đều nồi canh.;",""
"Giờ thì múc canh ra bát và thưởng thức thôi!","2. Nấu canh miso; | 1. Đậu hũ100-200gr (1-2 bìa đậu); | Thực đơn cơm tối chỉ 2 món giản dị ngon lành mà nấu cực nhanh cho ngày đầu tuần bận rộn,""1. Canh nấm Nấm hương khô, nấm hương tươi, nấm hải sản, nấm đùi gà, kỷ tử, nước tương, hành lá;",""
"Lợi ích dinh dưỡng của nấm","Sốt teriyaki: 2 thìa súp (trộn với chút vừng rang); | Dầu thực vật: 3 thìa súp;",""
"Đậu phụ rửa qua nước sau đó dùng khăn giấy thấm khô. Cắt đậu phụ thành từng miếng vuông nhỏ đều nhau.","Đổ 3 thìa dầu thực vật vào chảo. Khi dầu đủ nóng bạn cho đậu phụ vào chiên ở lửa nhỏ vừa.;",""
"Chiên trong khoảng 1-2 phút mỗi bên. Nhớ vặn lửa ở mức vừa phải để không bị cháy. Chiên đến khi đậu phụ chuyển sang màu vàng nâu.","2. Đậu phụ chiên giòn sốt teriyaki; | 2. Đậu phụ chiên giòn sốt teriyakiĐậu phụ bột khoai tây hành lá nước sốt teriyaki dầu thực vật;",""
"Đối với nhiều gia đình ăn chay giờ đây không chỉ còn xuất hiện vào ngày đầu tháng hoặc ngày rằm mà là một cách để thanh lọc cơ thể. Thay vì hàng ngày ăn uống phủ phê thịt cá chúng ta có thể ngắt quãng bằng một vài bữa chay trong tuần. Những bữa ăn chay không chỉ giúp bổ sung một lượng đạm thực vật tốt cho sức khỏe mà còn tăng cường rau xanh chất xơ tốt cho cơ thể. Và hầu hết ai đã ăn chay đều nhận thấy sẽ nhẹ bụng hơn nhiều so với ăn thịt. Hôm nay bạn hãy vào bếp nấu một mâm cơm chay cho gia đình với 2 món đơn giản sau đây nhé!","Nguyên liệu:; | Nấm hải sản 30g; | Hành lá 1 cây (tùy chọn); | Ngâm nấm hương;",""
"Nấm hải sản rửa sạch để ráo nước.","Bột khoai tây: 60g;",""
"Bữa cơm 1 món đủ cả thịt lẫn rau: Ăn ngon mà chế biến nhàn tênh lại chẳng phải rửa nhiều nồi niêu xoong chảo!","4. Đậu hũ chiên120gr (tương đương 1 bìa đậu); | 5. Gia vịNước tương Kikkoman của Nhật đường kính hạt nêm;",""
"Đầu tiên chị em vo 1-1.5 bát gạo rồi để gạo ráo nước. Cà rốt nạo vỏ rửa sạch rồi thái hoặc bào thành sợi dài. Các loại nấm rửa sạch cắt vừa ăn. Thịt heo cũng rửa sạch rồi đem cắt lát mỏng. Đậu hũ chiên cắt nhỏ.","Bạn cho khoảng 1 thìa cà phê dầu ăn vào chảo đợi dầu nóng già rồi cho phần thịt heo đã cắt nhỏ vào. Đảo khoảng 2 phút trên lửa vừa cho thịt săn lại rồi cho ra đĩa riêng.; | Tiếp theo bạn cho phần rau củ và nấm đã sơ chế vào chảo. Xào khoảng 2 phút trên lửa lớn. Chị em hãy đảo rau củ và nấm thật đều tay để các nguyên liệu chín mà không bị cháy dính vào chảo nha.; | Đầu tiên chị em hãy pha nước tương nha. Bạn cho 500ml nước lọc vào bát cùng 50gr đường kính 2 thìa canh hạt nêm 100ml nước tương Kikkoman và khuấy tan.;",""
"Vậy là chỉ với 3 thao tác đơn giản cùng 1 chiếc chảo và 1 chiếc nồi cơm chị em đã có ngay món cơm hấp thập cẩm kiểu Nhật thơm ngon để thưởng thức rồi. Xới cơm ra bát và ăn thôi!","2. Xào thịt và rau củ; | 3. Hấp cơm thập cẩm; | 1. Gạo1-1.5 bát con; | 2. Thịt heo200gr;",""
"Cơm hấp kiểu Nhật nè","Rửa sạch cắt nhỏ các nguyên liệu vậy nè; | Rau củ và nấm thì xào riêng; | Xếp các nguyên liệu vào nồi cơm nè;",""
"Mách chị em cách nấu món canh vừa ngon vừa mát: Trời nóng mà ăn thì hợp lý vô cùng!","3. Rau củ15gr tảo bẹ 10gr rong biển khô 100gr nấm linh chi 3-5 nhánh hành lá 1/2 củ gừng băm 2 quả ớt; | 5. Tương miso trắng1 thìa canh; | Bạn có thể tìm mua các nguyên liệu trong bài viết này tại các cửa hàng K-Market hoặc đặt mua online trên Tiki Shopee ...;",""
"Chị em có thể vặn to lửa/tăng nhiệt cho nồi canh nhanh sôi","Tiếp theo bạn cho vào bát 1 thìa canh tương miso trắng và múc một ít nước canh trong nồi vào bát khuấy cho tương tan ra rồi đổ lại hỗn hợp này vào nồi.;",""
"Pha loãng tương miso rồi đổ vào nồi canh","2. Sơ chế các nguyên liệu khác; | 4. Nấu canh ngao; | 1. Ngao500gr; | 2. Cá bào khô15gr; | 4. Đậu hũ non100gr; | 6. Gia vịMuối hạt nêm;",""
"Canh ngao miso (Ảnh minh họa)","Đun tảo bẹ và cá bào rồi lọc bỏ hết phần bã chỉ lấy phần nước dùng; | 8 sản phẩm không đáng mua ngay cả khi được giảm giá lớn,""Bất cứ khi nào bạn ghé qua một cửa hàng và thấy một số sản phẩm được giảm giá chắc chắn sẽ ngay lập tức muốn mua chúng.;",""
"Nàng công chúa thơ mộng trong rừng.","Bữa tối 2 món cá nấu nhanh ăn ngon, cả nhà tấm tắc, nồi cơm hết trong nháy mắt!,""- 2 miếng phi lê cá diêu hồng hoặc cá saba, cá thu đao, cá ngừ đại dương, cá tuyết… đều hợp; | - 1 lóng gừng 2 cây hành lá; | - 150ml nước lọc; | - 50ml nước tương 50ml rượu sake nấu ăn 30ml rượu gia vị ngọt mirin; | 1. Gọt vỏ và cắt lát gừng. Hành lá cắt khúc ngắn. Đun sôi nước đổ lên cá chần sơ 10 giây rồi đổ nước đi (chần cá để loại bỏ chất dơ và khi kho sẽ không có bọt bẩn). Cho cá vào nước đá lạnh đến khi cá hạ nhiệt. Gắp cá ra thấm khô bằng giấy ăn.; | 2. Trong một chảo vừa cho nước rượu sake nước tương mirin và đường và đun sôi lửa vừa.;",""
"Món canh cá không dầu mỡ chua thanh thích hợp cho những ngày nắng nóng.","- 1.2 lít nước; | 1. Phi lê cá rửa sạch thấm khô cắt cá thành 4 miếng đều nhau. Cà chua cắt múi cau. Thì là bỏ gốc rửa sạch cắt khúc 5cm.;",""
"Vớt bọt rồi cho cá vào nấu chín. Thêm cà chua nấu chín mềm nhưng không nát.","- 30gr đường;",""
"Khi nước kho cạn 1/2 là hoàn tất.","- 300gr phi lê cá diêu hồng; | - 4 trái cà chua; | - 150gr thì là; | - 1 gói gia vị lẩu Thái; | 2. Cho nước vào nồi đun sôi thêm gói gia vị lẩu Thái vào.;",""
"Chỉ việc bỏ vào lò vi sóng và quay trong vòng 3 phút.","Ăn thử bánh mì ""quốc kỳ"" đang hot ở Hà Nội với cam kết ""vỏ đỏ 100% organic"",""Trước tiên: nó trông đẹp hơn ngoài đời so với ảnh trên mạng;",""
"Chỉ có một size - và no vừa đủ","- Nướng bánh ở rãnh giữa nhiệt 180 độ - 190 độ C trong 10 - 12' không được nướng quá 12 phút nếu không bánh sẽ bị khô.;",""
"(*) Lưu ý: Bột bắp sẽ quyết định độ đặc của xốt và lượng bột bắp ít hay nhiều phụ thuộc vào loại kem phô mai các bạn dùng. Ở đây Trang dùng Philadelphia kem phô mai của nhãn hiệu này tương đối mềm và Trang dùng 11g bột bắp thì xốt mới đủ sệt để trang trí lên bánh.","- Trứng gà: 50g; | - Whipping cream: 20g; | - Rau mùi tây sấy khô (lá parsley): 1 muỗng cafe (nguyên liệu này không bắt buộc nếu không có thì có thể thay bằng hành lá tươi cắt mỏng cũng rất thơm do mình không thích mùi của loại lá cây này nên không dùng); | - Tỏi xay nhuyễn: 1 muỗng cafe (nếu thích mùi tỏi nhiều hơn thì cho 2 muỗng cafe).; | - Nếu để bánh ở nhiệt độ phòng từ 28 đến 32 độ C thì dùng trong 24 tiếng.; | - Nếu để ngăn mát tủ lạnh thì hạn sử dụng lên đến 3 ngày khi ăn hâm viba 10s là bánh mềm ngon như mới ra lò.;",""
"Chúc các bạn thành công với món bánh mì phô mai bơ tỏi Hàn Quốc theo công thức này nhé!","","Bước 2: Nhồi bột;"
"luôn nhồi bột ở tốc độ chậm","","Bước 3: Tạo hình;"
"Các bạn chia bột thành các phần nhỏ mỗi phần nặng 30g. Sau khi chia bột thì các bạn vê tròn từng viên bột rồi đặt vào khuôn giấy cupcake như hình mẫu. Trong quá trình tạo hình những phần bột nào chưa làm tới thì các bạn nhớ dùng khăn đậy lại để bột không bị khô.","","Bước 4: Ủ bột; | Bước 5: Nướng bánh;"
"- Xốt phô mai (trích từ xốt phô mai ở phần B): 30g","- Bơ lạt: 20g;","- Bước 1: Cho trứng gà muối whipping cream mật ong lá parsley (nếu thích) sốt phô mai vào tô trộn đều rồi để sang một bên.; | - Bước 2: Cho bơ lạt vào chảo rồi bật lửa thật nhỏ để bơ tan ra mà không bị cháy sau đó cho tỏi vào khử sơ đến khi có mùi thơm thì tắt bếp chờ bơ tỏi nguội rồi cho vào hỗn hợp ở Bước 1 trộn đều là xong.;"
"- Cách 1: Sau khi nướng xong vỏ bánh các bạn nhúng bánh vào xốt bơ tỏi rồi đem nướng nhiệt 160 độ C trong 12 phút. Sau đó các bạn đợi bánh nguội chút rồi dùng dao răng cưa để cứa bánh theo hình dấu cộng nhớ chỉ cứa khoảng 2/3 thôi để bánh không bị đứt rồi bơm xốt phô mai vào. Trang chọn cách này để xốt phô mai được tan chảy nhiều hơn khi chúng ta xé bánh ra ăn.","- Cách 1:; | - Cách 2: Sau khi nướng xong vỏ bánh các bạn dùng dao răng cưa cứa bánh ra. Sau đó các bạn bơm xốt phô mai vào khe hở của bánh rồi nhúng bánh vào xốt bơ tỏi tiếp đến xếp lên khay đem nướng nhiệt 160 độ trong 12 phút là xong. Với cách làm này phần xốt phô mai sẽ khô hơn một chút và ít tan chảy hơn.; | - Cách 2:;",""
"Thế nhưng bạn có hay có một cửa hàng bánh mỳ cực dị - chỉ mở vào tầm 3h sáng kết thúc lúc 6h sáng - khi hầu hết mọi người say giấc nồng không?","Vâng, hàng bánh mỳ đó cũng có cái tên thật lạ - """"bánh mỳ dân tổ"""".;",""
"Sở dĩ được gọi là """"bánh mỳ dân tổ"""" vì ban đầu quán bánh mỳ này thường phục vụ các thanh niên chơi khuya ở Hà Thành hoặc những người làm nghề buôn bán thường phải thức khuya dậy sớm.","Bạn cần chuẩn bị những nguyên liệu sau cho;",""
"Chúc các bạn thành công và ngon miệng!""","- 4 lát bánh mì sandwich; | - 1 củ hành tây thái nhỏ; | - 3 nhánh rau mùi thái nhỏ; | - 15gr gừng thái nhỏ; | - 3 trái ớt xanh thái nhỏ; | - 7gr muối; | - 5gr hạt tiêu; | - 5gr hạt thì là; | - 30gr sữa chua;",""
"Cho bánh mì vào máy xay xay vụn.","Gần 30 người nhập viện nghi do ngộ độc sau khi ăn bánh mỳ ở Đà Nẵng,""Trước đó, ngày 23/1, sau khi ăn bánh mỳ tại quầy Q.H (trên đường Văn Tiến Dũng, P. Hòa Xuân, quận Cẩm Lệ, Đà Nẵng), nhiều thực khách đã có biểu hiện chóng mặt, ói mửa phải nhập viện.;",""
"Chúc các bạn thành công và ngon miệng với món ăn giảm cân này nhé!","- 3 lát bánh mì sandwich - chọn loại bánh mỳ đen nguyên cám; | - 5 quả dâu tây; | - 1 quả cam vàng; | - 2 quả kiwi;","Bước 1; | Bước 2;"
"Phết đều kem phô mai lên mặt bánh mì.","","Bước 3; | Bước 4:;"
"Giòn tan thơm phức món bánh mỳ bơ tỏi truyền thống","- 40g bơ mặn. Nếu dùng bơ nhạt thì thêm 1/3 thìa cà phê muối.; | - 1 thìa cà phê đường; | - 1 thìa cà phê tỏi băm; | - ½ thìa cà phê lá mùi tây khô băm nhỏ hoặc 1 thìa cà phê lá mùi tươi băm nhỏ;",""
"Làm nóng lò nướng ở 160oC trước 10 phút tách các lát bánh mỳ ra một chút rồi cho khay bánh vào nướng từ 8-10 phút đến khi bánh vàng giòn.","","Bước 1; | Bước 2; | Bước 3; | Lót giấy bạc vào khay đặt bánh mỳ lên khay. Đổ hỗn hợp bơ tỏi ở bước 3 lên bánh mỳ đổ đều vào giữa các lát bánh mỳ.; | Bước 4; | Bước 5;"
"Chúc các bạn thành công!","Bánh mì ngọt mềm ẩm thơm ngon chỉ muốn ăn hoài ăn mãi,""70g đường; | 1 quả vani hoặc 1 thìa cafe vani; | 1 5 thìa cafe men nở; | 1/2 thìa cafe muối; | 340g bột mì đa dụng; | 85g bơ; | 85g sữa tươi; | 170g sữa chua Hy Lạp (hoặc sữa chua thường không đường); | 30g mứt vỏ cam; | 30g quả mơ sấy khô; | 55g nho khô; | 1/2 thìa cafe bột quế; | 1/4 thìa cafe bột hạt mùi; | 1/4 thìa cafe bột nhục đậu khấu; | 1 lòng đỏ trứng; | 1 5 thìa cafe sữa tươi không đường;",""
"Phần đường trang trí mặt bánh:","57g đường bột; | 1 thìa cafe sữa tươi không đường; | 1/4 thìa cafe vani;",""
"Chia bột thành 15 phần bằng nhau. Hoặc bạn có thể chia to hơn nếu muốn.","110g đậu xanh; | 300g bột năng; | 100g bột gạo tẻ; | 650ml nước cốt dừa; | 370g đường; | Trộn đều đường bột với nhau. Nước cốt dừa hoà thêm 350ml nước để được 1 lít nước cốt dừa loãng.;",""
"Chia đôi hỗn hợp bột 1 nửa đem xay chung với đậu xanh cho mịn nếu cần lại rây thêm 1 lần nữa.","Lá dứa rửa sạch cho vào máy xay nhuyễn lọc lấy nước cốt.; | Như vậy sẽ có 2 phần bột với màu xanh lá dứa và màu ngà của đậu xanh.;",""
"Khi đậu chín thì lại đổ 1 lớp bột xanh thực hiện lần lượt cho tới hết.","1kg mì Quảng; | 500g thịt gà; | 200g măng khô;",""
"Rau cải bắp chuối húng lủi hành ngò","Đậu phộng rang bánh tráng nướng;",""
