tiêu đề,miêu tả,nguyên liệu,hướng dẫn,link;
"Quên các kiểu nấu truyền thống đi, sườn heo mà làm thế này đảm bảo ăn cực lôi cuốn!,,""Hôm nay cũng với nguyên liệu sườn heo, chúng tôi giới thiệu đến bạn một công thức chế biến để đổi vị cho gia đình trong bữa cơm chiều. Giờ thì cùng bắt tay vào thực hiện nhé!";
Nguyên liệu chính: 1kg sườn heo (để hấp), 1/3 củ cải to, 1/2 củ hành tây nhỏ, 1 gốc hành baro (phần trắng), 4 cây nấm hương tươi, 1/2 củ cà rốt, 2 quả ớt khô, một chút vừng trắng, 350ml nước, 1 cây hành lá.;
Nguyên liệu nước luộc sườn: 800ml nước, 1/2 cây hành baro (phần xanh), 5 tép tỏi, 3 lá nguyệt quế, 10 hạt tiêu nguyên hạt.;
"Nguyên liệu nước sốt: 9 thìa canh nước tương, 4 thìa canh rượu sake (hoặc rượu nấu ăn), 3 thìa canh đường, 3 thìa canh siro bắp, 1 thìa canh tỏi băm, 1 thìa canh dầu mè, 1/2 thìa cà phê bột gừng, một chút bột tiêu."",""Sườn heo là loại nguyên liệu được rất nhiều người yêu thích bởi chế biến được nhiều món ăn ngon với hương vị tuyệt vời. Bạn có thể dùng sườn heo để nấu canh, làm các món nướng với lớp sốt đậm đà, sườn chua ngọt với vị chua - mặn - ngọt hài hòa thấm đẫm trong từng thớ thịt, hay là món sườn chiên với lớp vỏ bên ngoài vàng rộm rồi giòn tan... Mỗi cách chế biến cụ thể đều làm nổi bật sự đậm đà, thơm ngon của sườn heo, khiến người thưởng thức khó cưỡng.";
Nguyên liệu làm món sườn kho rau củ;
Nguyên liệu chính:;
Nguyên liệu nước luộc sườn:;
Nguyên liệu nước sốt:;
Cách làm món sườn kho rau củ;
Bước 1: Rửa sạch sườn dưới vòi nước. Sau đó cho sườn vào âu nước, ngâm trong khoảng 1 giờ để loại bỏ hết máu thừa. Trong quá trình ngâm, bạn hãy thay nước thường xuyên (khoảng 3-4 lần).;
Bước 2: Sau khi ngâm sườn xong, bạn vớt ra, rửa sạch lại một lần nữa. Chuẩn bị một chiếc nồi, cho phần nguyên liệu nước luộc sườn vào rồi đun sôi. Sau đó bạn cho sườn heo vào luộc trong khoảng 10 phút. Tiếp đó bạn vớt sườn ra, rửa sạch dưới vòi nước lạnh cho hết cặn bọt và tạp chất, để ráo.;
Bước 3: Lúc này hãy tiến hành sơ chế các loại rau củ. Bạn gọt vỏ củ cải và cà rốt, rửa sạch sau đó cắt thành từng khối lớn. Hành tây bóc bỏ vỏ, rửa sạch rồi cắt miếng. Nấm hương cắt bỏ chân, rửa sạch rồi xắt đôi. Hành baro, ớt khô cắt thành từng miếng nhỏ có kích thước tương tự nhau. Hành lá đem rửa sạch rồi xắt nhỏ. Chuẩn bị một bát tô, cho các nguyên liệu ở phần nước sốt vào, khuấy đều để được hỗn hợp đồng nhất.;
Bước 4: Sau khi rửa sườn heo xong bạn cho vào nồi, thêm phần nước sốt vừa pha xong rồi bật bếp, đun ở lửa lớn trong khoảng 20 phút. Tiếp theo bạn cho củ cải, cà rốt và ớt khô vào, đậy nắp rồi đun sôi ở lửa vừa trong khoảng 20 phút. Lưu ý, trong quá trình nấu, bạn thỉnh thoảng dùng đũa đảo đều.;
Bước 5: Sau khi thấy củ cải và cà rốt chín thì bạn cho hành tây, nấm hương và gốc hành baro thái nhỏ vào, đun nhỏ lửa. Thêm củ cải vào và nấu cho đến khi chín, sau đó thêm hành tây, nấm hương và hành lá vào và đun nhỏ lửa trong khoảng 5 phút cho đến khi nước dùng rút cạn bớt.;
Bước 6: Sau khi món ăn chín, bạn tắt bếp, rắc hành lá xắt nhỏ và vừng trắng lên. Lấy món ăn ra đĩa là có thể thưởng thức.;
Thành phẩm món sườn kho rau củ;
"Với cách nấu không quá phức tạp, bạn đã có một món sườn thơm ngon thích hợp ăn cùng cơm nóng. Món sườn heo kho rau củ hoàn thành với thịt mềm, thấm gia vị đậm đà quyện với vị ngọt tự nhiên từ các loại rau củ. Phần nước sốt bạn có thể dùng trộn với cơm, ăn đặc biệt lôi cuốn. Hãy cùng làm món sườn heo kho rau củ này để làm phong phú thêm bữa ăn của chúng ta."",https://afamily.vn/quen-cac-kieu-nau-truyen-thong-di-suon-heo-ma-lam-the-nay-dam-bao-an-cuc-loi-cuon-20250419142613548.chn";
"Mì trộn kiểu Hàn ngon miệng làm nhanh cho bữa cơm ngày nắng,,""100g mì kiều mạch, 1 quả trứng luộc, một ít rong biển tẩm vị ăn liền,  2 cây hành lá, 2 thìa muối vừng, 35ml nước tương, 45ml dầu tía tô (hoặc dầu mè), 8g đường, vài tép tỏi băm.";
"Từng sợi mì kiều mạch dai mềm được trộn với dầu tía tô với hương vị đặc biệt. Khi ăn, mì được trộn đều với gia vị đậm đà, ăn kèm chút rong biển thơm ngon lại càng thêm hấp dẫn. Món mì trộn kiểu Hàn này làm cực kỳ nhanh, chỉ vài thao tác đơn giản là bạn đã có ngay một đĩa mì trộn mát lành cho bữa trưa ngày hè nóng bức."",""Chuẩn bị nguyên liệu làm món mì trộn kiểu Hàn";
Cách làm món mì trộn kiểu Hàn;
Bước 1: Hành lá rửa sạch rồi thái nhỏ.;
Bước 2: Đun sôi lượng nước thích hợp trong nồi, cho mì vào luộc trong khoảng 4-6 phút là mì chín.;
Bước 3: Vớt mì ra rồi xả với nước lạnh cho mì được tơi. Sau đó để mì ráo nước.;
Bước 4: Cho mì vào bát, thêm tỏi băm, đường, dầu tía tô và nước tương vào.;
Bước 5: Trộn đều mì.;
Bước 6: Cho mì ra đĩa, thêm trứng luộc, rong biển tẩm vị ăn liền, muối vừng và hành lá thái nhỏ là xong.;
Thành phẩm món mì trộn kiểu Hàn;
"Chúc bạn làm được món mì trộn kiểu Hàn thật ngon miệng!"",https://afamily.vn/mi-tron-kieu-han-ngon-mieng-lam-nhanh-cho-bua-com-ngay-nang-20240522105108342.chn";
"Bữa tối chỉ cần 1 món sườn này đảm bảo cả nhà tấm tắc khen ngon,,""- Sườn heo: 1,2 kg";
- Vừng nguyên hạt: 1 nhúm nhỏ;
- Tương Miso: 1 muỗng canh;
- Nước lọc: 2 lít;
#NAME?;
- Tỏi băm nhỏ: 1 muỗng cà phê;
- Dầu mè: 1 muỗng canh;
- Nước tương: 120ml;
- Tỏi băm nhỏ: 1 muỗng canh;
- Đường: 3 muỗng canh;
- Siro bắp: 3 muỗng canh;
- Dầu hào, dầu mè: mỗi thứ 1 muỗng canh;
- Rượu nấu ăn: 4 muỗng canh;
- Bột gừng, bột tiêu: mỗi thứ ¼ muỗng cà phê;
Công thức chế biến món sườn này có chút mất nhiều thời gian nhưng thành quả cuối cùng đảm bảo sẽ không khiến bạn thất vọng. Những miếng thịt mềm, mọng nước, thấm đẫm gia vị kết hợp với giá đỗ có vị cay nhẹ, giòn mát, cuốn hút đến từng miếng cuối cùng. Do có bánh gạo nên món này cung cấp đủ cả tinh bột - đạm - rau, chỉ cần 1 món là xong luôn bữa tối rồi!;
- Tùy theo khẩu vị, bạn có thể không cho bánh gạo Tteokbokki vào nhưng vẫn  đảm bảo được sự thơm ngon cho món ăn.;
- Ngâm sườn heo trong nước lạnh có thể loại bỏ bụi bẩn bám trên bề mặt xương, máu thừa ở thịt, đồng thời giảm mùi tanh, giúp cho thịt khi nấu xong sẽ ngon hơn và phần nước hầm không bị đục, nhiều bọt hay hôi.;
"- Nếu không có lò, bạn có thể cho sườn heo vào nồi và đun trên bếp với lửa nhỏ trong 30 phút thì vẫn có thể có món ăn với hương vị hoàn hảo nha!"",""1. Thành phần cơ bản:";
- Giá đỗ: 200g;
- Hành tây: 1 củ;
#NAME?;
- Hành lá: 1 cây;
- Hẹ: 1 cây;
- Bánh gạo Tteokbokki: 200g;
2. Nguyên liệu để luộc sườn:;
- Cây boaro (phần lá xanh): 1 cây;
- Tỏi: 5 tép;
- Lá nguyệt quế: 3 lá;
- Tiêu đen nguyên hạt: 10 hạt;
3. Gia vị cho giá đỗ:;
- Muối, tiêu bột, vừng: mỗi thứ 1 nhúm nhỏ;
4. Nguyên liệu gia vị:;
Bước 1: Ngâm sườn heo trong nước muối loãng 30 phút.;
Bước 2: Cho các nguyên liệu để luộc sườn gồm tương Miso, nước lọc, phần màu xanh của cây boaro, tỏi, lá nguyệt quế, tiêu đen nguyên hạt vào nồi. Khi nước sôi thì cho sườn vào đun khoảng 1 tiếng.;
Bước 3: Cà rốt cắt thành lát mỏng và hành tây thì cắt thành các lát dày. Tiếp đến, cắt hành lá theo đường chéo và cắt hẹ thành các khúc nhỏ.;
Bước 4: Cho sườn heo đã luộc chín và gia vị gồm nước tương, tỏi băm nhỏ, đường, siro bắp, dầu hào, rượu nấu ăn, dầu mè, bột gừng, bột tiêu vào bát rồi trộn đều lại với nhau.;
Bước 5: Cho bánh gạo Tteokbokki cùng các loại củ và hành đã cắt ở bước 3 vào khay sứ, thêm sườn heo đã ướp gia vị vào và đậy lại bằng giấy bạc.;
Bước 6: Cho vào lò và nướng ở nhiệt độ 200ºC trong 30 phút. Sau 20 phút đầu, hãy tháo giấy bạc ra và tiếp tục nướng 10 phút nữa.;
Bước 7: Chuẩn bị thêm một chiếc nồi khác, sau đó cho vào nồi 2 chén nước. Khi nước sôi, nêm vào một chút muối và cho giá đỗ vào, chần giá đỗ khoảng 1 phút. Tiếp đến, chắt nước qua rây rồi trộn với gia vị cho giá đỗ gồm bột ớt, tỏi băm nhỏ, muối, dầu mè, bột tiêu, vừng.;
Bước 8: Cho sườn heo và giá đỗ đã ướp gia vị vào bát rồi rắc hạt vừng và hẹ lên trên là bạn đã hoàn thành xong món ăn này rồi.;
Thành phẩm:;
"Mách bạn:"",https://afamily.vn/bua-toi-chi-can-1-mon-suon-nay-dam-bao-ca-nha-tam-tac-khen-ngon-20230220121634665.chn";
"Món ăn “gây sốt” gần đây: Mì cay Hàn Quốc kết hợp với nguyên liệu quen thuộc của Việt Nam ngon bất ngờ,,""Món mì cay 7 cấp độ từng “gây sốt” và mì cay gói tự nấu tại nhà (Ảnh: @foodtoursaigon, @samyangfoods_vietnam)";
Đoạn clip hướng dẫn làm bánh tráng cuộn mì cay đã thu hút hơn 500.000 lượt xem trên TikTok (Ảnh: @tilathanh);
Các công đoạn làm món bánh tráng cuộn mì cay chỉ mất chưa đầy 10 phút. Bạn chỉ cần mua gói mì cay Hàn Quốc ở các siêu thị hay cửa hàng tiện lợi về cho vào nồi nước sôi nấu khoảng 4 - 5 phút cho phần mì mềm ra. Tiếp đến là trộn đều mì với gói sốt cay đi kèm và đặt mì vào giữa lớp bánh tráng đã được thấm nước. Cuối cùng chỉ việc gấp 4 cạnh lại để bánh tráng bọc kín phần mì bên trong. Khi ăn, bạn có thể chấm với sốt mayonnaise, sốt phô mai hoặc bất kì loại sốt nào mà bạn thích.;
Ngay khi đoạn clip phổ biến rộng rãi, món bánh tráng cuộn mì cay đã được các bạn trẻ bắt tay vào làm thử. Thậm chí, nhiều bạn còn cho thêm phô mai lát, rong biển, vừng vào bên trong và áp chảo vàng giòn 2 mặt để món ăn trở nên bắt miệng hơn.;
Món ăn được nhiều bạn trẻ hưởng ứng, đặc biệt là các fan của mì cay Hàn Quốc (Ảnh: @aicuc09, @bethanh117_, @chefyue, @chaugiangne, @trangtam);
Nhiều người đã tag bạn bè vào để rủ rê làm bánh tráng cuộn mì cay (Ảnh: @tilathanh);
"Nếu bạn đang muốn tìm cảm giác lạ miệng sau bao ngày ăn mì cay truyền thống thì có thể thử làm món bánh tráng cuộn mì cay này. Cũng rất hợp lý để ăn trong Tết đấy!"",""Cách đây tầm 8 - 9 năm, món mì cay 7 cấp độ của Hàn Quốc đã xuất hiện tại Việt Nam và ngay lập tức """"làm mưa làm gió"""" khắp các mặt trận ăn uống. Sức hút của món ăn này đến từ sợi mì đặc trưng của Hàn Quốc, có kích thước to và dai hơn mì gói bình thường, kèm theo nước dùng vị mặn ngọt hài hoà và độ cay """"xé lưỡi"""". Vài năm sau đó, giới trẻ cũng bắt đầu lùng sục ra những gói mì cay với hương vị tương tự, được bày bán tại các siêu thị, cửa hàng tiện lợi và mua về để tự chế biến.";
Để món mì cay trở nên mới mẻ hơn, ngoài cách ăn truyền thống thì gần đây các bạn trẻ đang thi nhau làm bánh tráng cuộn mì cay theo 1 đoạn clip TikTok đang viral. Đây được xem là sự kết hợp ít ai nghĩ đến, bởi từ trước đến nay, bánh tráng chỉ thường được dùng để cuốn nem, làm gỏi cuốn,... Thế nhưng, nhờ sự sáng tạo của hội chị em yêu bếp mà chiếc bánh tráng quen thuộc đã trở thành nguyên liệu làm ra món ăn thú vị.;
Cách làm tuy đơn giản nhưng lại cho ra món ăn độc đáo để nhâm nhi (Ảnh: @tilathanh);
"Bên dưới đoạn clip, nhiều người cũng tỏ ra thích thú với món ăn độc đáo này, liên tục tag tên để rủ nhau làm thử nhâm nhi trong dịp Tết 2023. Theo đánh giá của những người đã từng ăn qua, khi có thêm lớp bánh tráng bên ngoài sẽ làm tăng thêm độ dai ngon cho món ăn, dùng kèm với kim chi thì """"hết nước chấm"""". Hơn nữa, ăn theo cách này có thể cho trọn 1 cuộn mì vào miệng, làm bùng lên vị cay nồng rất """"đã""""."",https://afamily.vn/mon-an-gay-sot-gan-day-mi-cay-han-quoc-ket-hop-voi-nguyen-lieu-quen-thuoc-cua-viet-nam-ngon-bat-ngo-20230116175504515.chn";
"Tết này nấu xôi kiểu Hàn đảm bảo ai cũng tấm tắc khen ngon,,""2. Nước lọc 180ml";
3. Đường vàng (hoặc đường nâu, đường đen, đường thốt nốt) 45g;
4. Nước tương 40ml;
5. Dầu mè 15ml;
"7. Các loại hạt và trái cây khô: 5 quả táo đỏ khô, 7 hạt dẻ, 25g hạt óc chó, 15g hạnh nhân lát, 10g hạt hướng dương, một ít quả việt quất sấy khô, một ít hạt điều."",""1. Gạo nếp 250g";
6. Bột quế một ít;
Bước 1: Táo đỏ rửa sạch, tách bỏ hạt sau đó thái sợi.;
Bước 2: Hạt dẻ luộc chín, bóc bỏ vỏ rồi thái miếng nhỏ.;
Bước 3: Thái nhỏ các loại hạt và trái cây khô.;
Bước 4: Đổ hạt và trái cây khô vào chảo chống dính, rang ở lửa vừa cho các loại hạt và trái cây khô không còn bị ẩm.;
Bước 5: Gạo nếp vo sạch sau đó ngâm khoảng 1 tiếng rồi vo lại cho sạch.;
Bước 6: Cho gạo nếp vào bát tô, thêm 180ml nước lọc vào rồi thêm nước tương, đường vàng, dầu mè vào khuấy đều.;
Bước 7: Đổ gạo nếp đã trộn đường, nước tương vào nồi cơm điện và để yên 10 phút.;
Bước 8: Sau đó nhấn nút nấu (cook) và nấu chín xôi như nấu cơm bình thường. Xôi chín thì đảo đều.;
Bước 9: Thêm các loại hạt và trái cây sấy khô vào trộn chung.;
Bước 10: Đổ xôi ra khay đã lót màng bọc thực phẩm để chống dính. Dùng muỗng nhấn và dàn đều khay. Đậy nắp khay rồi cho vào ngăn mát tủ lạnh.;
Bước 11: Khi ăn thì lấy xôi ra khỏi khay, thoa một lớp mỏng dầu mè vào dao rồi cắt xôi thành miếng vừa ăn là xong.;
Thành phẩm:;
"Vẫn là xôi nhưng nếu làm theo cách trên đây thì bạn sẽ có một món xôi với vị ngon mới toanh. Xôi có màu nâu khá đẹp mắt, vị dẻo mềm ngọt nhẹ quyện với cái bùi thơm béo ngậy của các loại hạt rất ngon miệng. Vì thế, Tết này bạn hãy thử làm món xôi mới lạ này nhé!"",https://afamily.vn/tet-nay-nau-xoi-kieu-han-dam-bao-ai-cung-tam-tac-khen-ngon-20230113225235626.chn";
"Trời lạnh ăn gì? Mì kim chi nóng hổi nấu dễ mà ăn siêu ngon!,,""4. Lòng đỏ trứng gà 1 cái";
Một bát mì kim chi đậu hũ nóng hổi chua cay rất ngon miệng để làm ấm bụng bất cứ lúc nào trong mùa đông lạnh giá. Món ăn ngon miệng lại chế biến nhanh, đây cũng là một món ăn ngon giúp giải rượu cho những ngày tiệc tùng cuối năm đấy!;
"- Nếu không thích ăn quá cay, bạn nên rửa qua kim chi trước khi cho vào nấu."",""1. Mì ăn liền: 1 gói";
2. Đậu hũ non ½ thanh;
3. Kim chi 1/2 bát nhỏ;
5. Hành lá 1 gốc;
6. Bột tiêu một chút.;
Bước 1: Đậu phụ non thái miếng vừa ăn. Hành lá rửa sạch thái nhỏ.;
Bước 2: Cho 20ml dầu ăn và 15ml nước lọc vào nồi. Cho gói súp gia vị mì vào đun ở lửa nhỏ, vừa đun vừa khuấy đều.;
Bước 3: Cho 550ml nước vào nồi, thêm kim chi rồi đun sôi.;
Bước 4: Cho mì và gói rau có trong mì vào.;
Bước 5: Tiếp đó thêm  đậu hũ non vào.;
Bước 6: Đun sôi trở lại rồi thêm chút bột tiêu. Tùy theo bạn thích ăn cay nhiều hay ít để điều chỉnh lượng hạt tiêu nhé!;
Bước 7: Cuối cùng thêm chút hành lá thái nhỏ và lòng đỏ trứng vào là xong.;
Thành phẩm:;
Mách bạn;
"- Nếu có khô bò, thanh cua, xúc xích... bạn có thể thả thêm vào để tô mì """"chất lượng"""" hơn nữa.";
"- Nếu thích mì có vị chua cay đậm đà, bạn lấy một ít nước kim chi thêm vào khi nấu nhé!"",https://afamily.vn/troi-lanh-an-gi-mi-kim-chi-nong-hoi-nau-de-ma-an-sieu-ngon-20221231110844743.chn";
"Mùa đông trời lạnh ăn canh đậu hũ kim chi nóng hổi thì quá hợp!,,""6. Trứng 1 quả";
7. Gia vị: 15ml dầu ăn, 15ml dầu mè, 15ml nước tương, 10ml dầu hào, 5g đường, 15ml nước mắm, một chút ớt bột.;
Trong những ngày thời tiết giá rét của mùa đông thì bữa tối không cần chế biến nhiều món ăn, chỉ cần một bát canh đậu hũ non nấu thịt và kim chi là đã đủ ngon cơm lắm rồi. Đậu hũ non béo ngậy mềm mượt, tan chảy trong miệng. Kim chi chua cay ngọt ngọt nóng hổi rất hấp dẫn. Món ăn không chỉ ngon mà còn giúp cơ thể trở nên ấm áp hơn.;
- Đậu hũ non bạn có thể mua ở hầu hết các siêu thị đều có. Tuy nhiên nếu không tiện, bạn ghé chợ mua đậu hũ bình thường nấu món canh này cũng không kém phần ngon lành.;
"- Nếu không ăn được cay nhiều, bạn nên rửa qua kim chi với nước lọc để giảm bớt vị cay của món canh nha!"",""1. Đậu hũ non 1 thanh";
2. Thịt băm 150g;
3. Kim chi 1 bát con;
4. Hành tây ¼ củ;
5. Hành lá 1 gốc;
Bước 1: Thịt băm nhỏ; kim chi, hành lá, hành tây thái nhỏ.
Bước 2: Đun nóng chút dầu ăn và dầu mè trong chảo, cho hành lá và hành tây vào xào thơm.;
Bước 3: Đổ thịt băm vào xào cho thịt chuyển màu.;
Bước 4: Thêm kim chi vào đảo chung.;
Bước 5: Nêm đường, nước tương, dầu hào, nước mắm, bột ớt vào đảo đều.;
Bước 6: Đổ 250ml nước dùng xương và lượng nước lọc thích hợp vào.;
Bước 7: Thêm tỏi băm, đun sôi.;
Bước 8: Khi canh sôi thì cho đậu hũ non vào đun sôi trở lại rồi thêm trứng là xong.;
Thành phẩm:;
"Mách bạn:"",https://afamily.vn/mua-dong-troi-lanh-an-canh-dau-hu-kim-chi-nong-hoi-thi-qua-hop-20221225115653651.chn";
"Tương đậu Doenjang - Gia vị không thể thiếu của ẩm thực Hàn Quốc,,""Tương đậu lên men không còn quá xa lạ, bởi đây là một gia vị tạo nên hương vị đặc biệt của món ăn. Không chỉ vậy, nó còn đóng vai trò quan trọng khi tạo nên đặc sắc ẩm thực của nhiều nước phương Đông, chẳng hạn như Việt Nam, Hàn Quốc, Trung Quốc và Nhật Bản.";
Doenjang của Hàn Quốc là loại gia vị tương đậu lên men mang hương vị chua mặn đậm đà. Doenjang ở Hàn Quốc giúp nâng tầm hương vị của các món súp và hầm, đồng thời tạo ra ssamjang - 1 loại gia vị đặc trưng dành cho món thịt nướng Hàn Quốc.;
Bạn có thể biết đến kim chi, biết đến gochujang - tương ớt đỏ lên men của Hàn Quốc. Nhưng nói đến tương đậu lên men, phải nhắc về Doenjang - loại gia vị có hương vị cay nồng độc đáo và lịch sử lâu đời.;
Doenjang (đọc là den-jahng), là một loại bột nhão màu nâu đặc, hương vị rõ rệt được làm từ đậu nành lên men và muối. Ở Hàn Quốc, trong tủ của các đầu bếp nổi tiếng đến các bà nội trợ đều có Doenjang. Mùi của Doenjang phút đầu có thể hơi khó ngửi, nồng mạnh và hắc nhưng vị của nó thì lại ngon lạ.;
Doenjang có từ hơn 2000 năm trước, một khoảng thời gian đủ để định hình nền ẩm thực Hàn Quốc và ghi danh vào bản đồ ẩm thực thế giới. Cuốn sách cổ Dongui Bogam đã viết về các đặc tính y học của Doenjang từ năm 1613. Các đầu bếp cung đình triều đại Joseon cũng đã phục vụ các loại tojangguk - món hầm Doenjang đậm đà.;
Khác với miso, Doenjang không được lên men với gạo hoặc các loại ngũ cốc khác. Doenjang có bạn đồng hành là muối. Đồng thời, kết cấu của tương đậu Hàn Quốc cũng thô hơn.;
Thời gian lên men tối thiểu của Doenjang là 6 tuần, có thể lên tới nhiều tháng hoặc nhiều năm. Nhiều gia đình ở Hàn có truyền thống truyền lại những hũ tương từ thế hệ này sang thế hệ khác như một bảo vật của dòng họ.;
Doenjang truyền thống sẽ đều phải trải qua một quá trình kỳ diệu: Ngâm, đun sôi trong nước muối, giã, xay, đóng gói thành khối lập phương hoặc hình cầu, gọi là meju và treo lên phơi khô để lên men. Rửa sạch, sấy khô, ngâm nước muối trong vại đất, gọi là onggi/jangdok có đặc tính kháng khuẩn và sau cùng nghiền để trở thành Doenjang.;
Thời gian lâu hơn sẽ cho hương vị rõ rệt hơn, chẳng hạn như dư vị ngọt và đắng. Ngày nay các loại Doenjang được bán sẵn rất nhiều. Lý do là bởi các công ty thực phẩm khó kiên nhẫn để đợi quá trình lên men tự nhiên của đậu diễn ra (mất khoảng 1 năm) nên họ sử dụng bột gạo hoặc lúa mạch để tạo hương vị cho Doenjang sản xuất hàng loạt tại nhà máy.;
Nếu thử làm Doenjang tại nhà, bạn sẽ bắt gặp vô số hương vị, màu sắc và kết cấu tương tùy thuộc vào phương pháp và thời gian lên men.;
Ở các siêu thị và cửa hàng, bạn có thể mua tương đậu làm sẵn. Doenjang thường được đóng hộp nâu hoặc vàng, các nhãn đều ghi tương đậu. Hộp đóng sẵn màu xanh lá cây thường chứa Doenjang đã tẩm gia vị trước, dùng sẵn và không nên dùng trong công thức nấu ăn. Các hộp Doenjang mua sẵn về nên được bảo quản trong ngăn mát tủ lạnh.;
Loại tương đậu lên men này có mặt trong hầu hết các món ăn Hàn Quốc, nổi bật trong đó có thể nhắc tới Doenjang jjigae. Món súp “quốc dân” này nhanh chóng khiến người thưởng thức cảm thấy thỏa mãn với những miếng đậu phụ được cắt khối và bất kỳ loại rau củ nào như bí, hành tây, khoai tây,...;
Người dân bản địa, ngay cả những đầu bếp tiếp xúc với Doenjang cũng phải thừa nhận rằng, chúng làm cho bất cứ loại rau nào bạn sử dụng đều có hương vị rất thơm. Điều này có nghĩa là, thuở đầu ngửi Doenjang có vẻ nồng và mặn, nhưng cho vào món ăn thì hương vị của nguyên liệu lại bật lên được “nội hàm” của chúng.;
Thậm chí chỉ cần một muỗng Doenjang thôi, món ăn của bạn cũng có thể đi một chặng đường dài trong ẩm thực.;
Một bữa ăn thịnh soạn của người Hàn, không thể thiếu Doenjang. Bạn có thể ngắt một miếng tương Doenjang đặt trên thịt nướng cuốn rau diếp, lá vừng để thưởng thức. Hoặc, Doenjang xào rau và cho vào món hầm đều tạo nên vị ngon tinh tế.;
Nhiều người nói, Doenjang làm bữa ăn thêm thịnh soạn. Chúng len lỏi vào mọi món ăn, ở lại và tạo nên hương vị đặc trưng từ nguyên liệu chính, không hề bị lẫn vị. Doenjang phát huy tốt hương vị của món thịt lợn hầm rau, súp sườn, súp đuôi bò hay canh kim chi. Ngay cả như với cơm trộn bibimpap, Doenjang cũng phải góp mặt để tạo nên bản hòa tấu hoàn thiện.;
"Canh tương đậu lên men Doenjang jjigae là món canh hầm """"quốc dân"""" của người Hàn Quốc. Người Hàn có thể thưởng thức món canh này bất cứ lúc nào trong ngày, dù bữa sáng, bữa trưa hay bữa tối. Món canh gắn liền với lịch sử, văn hóa và mang đến mùi vị đầy hoài cổ của ẩm thực Hàn Quốc.";
Bạn có thể tự thực hiện món canh đậu tương này tại nhà vì các nguyên liệu rất phổ biến, dễ mua. Chỉ cần có tương Doenjang và những loại rau ưa thích, bạn sẽ có một nồi canh thơm ngon, bổ dưỡng.;
Để nấu canh tương Hàn Quốc bạn cần chuẩn bị phần nước dùng chu đáo một chút. Bởi nước dùng là linh hồn làm nên hương vị của món canh, khi thêm tương đậu lên men làm chất nền thì mùi vị của các loại rau mới được tỏa sáng.;
Dùng cá cơm khô và rong biển, cho vào nước đun sôi khoảng 15 phút để dưỡng chất trong cá cơm và rong biển ngấm ra nước. Nhiều người dùng nước vo gạo để thêm vào làm nước dùng cho món canh. Cũng có người thêm lê tươi để nước dùng thêm đậm vị.;
"Món canh tương đậu đã hoàn thành và bạn có thể ăn kèm cơm và kim chi. Một bữa ăn đơn giản của Hàn Quốc đã xong rồi."",""Khi đã xong nước dùng, bạn có thể cho các loại rau ưa thích của mình như cải thảo, cà rốt hay nấm hương vào. Hãy nhớ cho thêm hành boa rô để dậy mùi hơn. Nấu cho rau chín mềm, bước sau cùng là cho Doenjang vào nhé!"",https://afamily.vn/tuong-dau-doenjang-gia-vi-khong-the-thieu-cua-am-thuc-han-quoc-202211141112124.chn";
"Học người Hàn cách làm thịt kho kim chi, mùa đông ăn với cơm thì ngon xuất sắc!,,""- Thịt cổ heo: 1kg";
- Nước dùng cá cơm tảo bẹ (hoặc nước vo gạo): 500ml;
#NAME?;
- Nước kim chi: 240ml;
- Nước tương: 1 muỗng canh;
- Rượu nấu ăn: 2 muỗng canh;
- Bột ớt: 1 muỗng canh;
- Đường: 1 muỗng canh;
- Tỏi băm nhỏ: 1 muỗng canh;
- Bột tiêu: 1 lượng thích hợp;
"Thịt kho kim chi mang đến một hương vị thơm ngon từ những miếng thịt mềm, mọng nước, vị chua chua của kim chi với nước sốt cực kì hấp dẫn, nóng hổi khiến khi ăn với cơm trở nên ngon hơn bao giờ hết. Món ăn này là sự lựa chọn hoàn hảo để đổi vị cho bữa cơm gia đình, nhất là trong những ngày đầu đông trời trở lạnh."",""1. Nguyên liệu cơ bản:";
#NAME?;
#NAME?;
- Hành lá: 1 cây;
- Ớt đỏ: 1 trái;
- Ớt sừng: 1 trái;
2. Thành phần gia vị:;
Bước 1: Cắt kim chi bao gồm cả cuống thành 3 phần bằng nhau. Cho các nguyên liệu gia vị gồm nước kim chi, nước tương, rượu nấu ăn, bột ớt, đường, tỏi băm nhỏ, bột tiêu vào bát rồi trộn đều lại với nhau để làm nước sốt.;
Bước 1:;
Bước 2: Cắt thịt cổ heo thành những miếng lớn. Cắt hành tây thành những lát mỏng, tiếp đến cắt xéo hành lá và ớt.;
Bước 2:;
Bước 3: Cho kim chi vào nồi, sau đó thêm thịt cổ, hành tây, hỗn hợp gia vị vừa trộn đều, nước dùng cá cơm tảo bẹ và nước tương. Khi bắt đầu sôi thì giảm lửa vừa và đun trong 1 tiếng 20 phút.;
Bước 3:;
Bước 4: Cuối cùng, bạn cho hành lá, ớt đỏ và ớt sừng vào đun sôi một chút. Sau đó cắt thịt thành những miếng vừa ăn và thưởng thức với kim chi.;
Bước 4:;
"Thành phẩm:"",https://afamily.vn/hoc-nguoi-han-cach-lam-thit-kho-kim-chi-mua-dong-an-voi-com-thi-ngon-xuat-sac-20221107111800669.chn";
"Cách làm kim chi cải thảo đơn giản cho bữa cơm nhà tròn vị,,""Kim chi là món ăn bắt nguồn từ Hàn Quốc. Tạp chí Health Magazine của Mỹ đã từng đánh giá kim chi là 1 trong 5 thực phẩm có lợi cho sức khỏe nhất của thế giới.";
Kim chi có tác dụng với các bệnh hô hấp, chống ung thư, phòng ngừa viêm da dị ứng, phòng ngừa tai biến mạch máu và chống ngộ độc thực phẩm. Bên cạnh đó, ăn kim chi còn giúp giảm chứng trầm cảm, căng thẳng thần kinh, giúp máu lưu thông, tăng cường hệ miễn dịch.;
Theo chị Thắm, thực hiện làm món kim chi không quá khó nhưng yêu cầu bạn phải nắm rõ công thức, bí quyết cũng như quy trình để thành phẩm món ăn trở nên hấp dẫn với vị chua thanh, giòn tan, đậm đà.;
Cải thảo: 3kg;
Nước mắm: 50ml;
Nước: 300ml;
Cải thảo mua về rửa sạch. Chẻ cây cải thảo làm 4 phần. Sau đó xát muối vào từng bẹ cải thảo từ ngoài vào trong, lưu ý xát nhiều phần cuống còn phần lá chỉ xát qua. Làm lần lượt cho đến hết cải thảo.;
Đặt cải thảo vào trong 1 chậu rộng, lấy thớt nặng đè lên phần cải thảo, tầm 1 tiếng ta lật cải thảo 1 lần cho thấm. Tầm 5h cải thảo ngấm mềm, khi cuộn cải mềm không bị gãy thì mang đi xả nước thật sạch, tầm 3, 4 lần rồi cho vào rổ để ráo.;
Bột nếp nấu xong trộn với ớt bột, nước mắm để nguội.;
Nấu nước sốt: Cho 300ml nước vào nồi, hoà tan 50g bột nếp cho lên khuấy nhỏ lửa, đến khi sôi lăn tăn thì cho 50g đường vào khuấy đều. Đến khi bột nếp sánh lại thì tắt bếp. Sau đó trộn ớt bột và nước mắm vào khuấy đều để nguội.;
"Đặt cải thảo lên mâm, một tay giữ cải, một tay trét sốt từ ngoài vào trong. Sau đó gập đôi cải thảo đặt vào trong hộp."",""Trên hội Yêu bếp, chị Trần Thắm (Thái Bình) đã chia sẻ cách làm món kim chi được chị em nội trợ khá thích thú.";
Các công đoạn làm kim chi tuy đơn giản nhưng phải liên kết với nhau một cách mật thiết vì chỉ cần bị lỗi ở một khâu nhỏ thì món ăn xem như hỏng hoàn toàn.;
Muối: 200g;
Ớt: 5 quả;
Củ cà rốt: 1 củ;
Củ cải: 1 củ;
Sốt kim chi;
Lê: 1 quả;
Bột nếp: 50g;
Hành lá, hẹ: 1 bó;
Ớt bột Hàn Quốc: 100g;
Tỏi: 1 củ to;
Gừng: 2 nhánh;
Đường: 50g;
Hành lá, hẹ cắt khúc dài.;
Hành lá, hẹ rửa sạch cắt khúc tầm 4.5cm. Gừng, tỏi, ớt, lê thái nhỏ đem đi xay nhuyễn.;
Gừng, tỏi, lê xay nhỏ.;
Cà rốt, củ cải nạo sợi. Trộn nước sốt vừa làm vào, thêm cả gia vị xay nhỏ, hành lá, hẹ. Trộn đều để tầm 20 phút cho sốt ngấm.;
Trộn cà rốt, củ cải với sốt, hành, hẹ cắt khúc tầm 20 phút cho ngấm.;
"Chúc cả nhà thành công!"",https://afamily.vn/cach-lam-kim-chi-cai-thao-don-gian-cho-bua-com-nha-tron-vi-20221030121326022.chn";
"Món canh này nấu chưa tới 10 phút là xong mà thành phẩm vừa ngon vừa bổ,,""2. Rau củ10gr rong biển khô, 20gr nấm mỡ, 1 cây hành boa rô, 2-3 nhánh hành lá";
3. Gia vịTương miso, hạt nêm, muối;
Canh miso là món canh truyền thống của người Nhật trong các bữa ăn hàng ngày. Một phần vì thói quen nhưng phần lớn là bởi món canh này vừa bổ dưỡng vừa dễ nấu. Chị em có thể lưu lại công thức nấu canh miso mà chúng tôi gợi ý trong bài viết này. Hôm nào lười nấu nhiều món hoặc chẳng biết ăn gì, cứ canh miso mà triển nha.;
Bạn cho khoảng 400ml nước vào nồi cùng 2 thìa cà phê hạt nêm, đun sôi. Khi nước sôi, chị em thả nấm mỡ và hành boa rô đã cắt lát vào. Tiếp theo, bạn rây qua rây lọc 1.5 thìa canh tương miso và khuấy đều nồi canh.;
Rây tương miso qua rây lọc;
Cuối cùng, bạn thêm rong biển đã ngâm nở, đậu hũ và hành lá vào nồi. Nêm nếm thêm chút muối cho hợp với khẩu vị và nấu thêm khoảng 1 phút thì tắt bếp.;
Giờ thì múc canh ra bát và thưởng thức thôi!;
Vậy là chị em đã hoàn thành xong món canh miso rồi đấy. Làm thế này, canh miso sẽ thơm ngọt vị đặc trưng của tương miso, hương vị tổng thể thanh mát vừa miệng.;
"Sự thật thú vị về canh miso mà có thể bạn chưa biết: Đàn ông Nhật thường cầu hôn người họ yêu bằng câu nói: """"Hãy nấu canh miso cho anh mỗi ngày nhé!"""". Lời cầu hôn này dựa trên thói quen ăn canh miso hàng ngày của người Nhật, cho thấy miso là món ăn không thể thiếu ở xứ sở hoa anh đào.";
Sở dĩ, người Nhật ăn canh miso hàng ngày là bởi tương miso có chứa các axit amin giúp cơ thể tăng cường việc sản xuất Melatonin - Hormone giúp bạn ngủ ngon hơn. Chưa hết, các nghiên cứu cũng chỉ ra rằng: Những món canh nóng như canh Miso cũng có tác dụng trong điều trị chứng cảm lạnh, giúp bạn ngủ ngon hơn khi cơ thể bị ốm.;
"Với những thông tin và gợi ý này, hy vọng chị em sẽ có thêm một món canh vừa ngon vừa dễ nấu để thưởng thức."",""1. Sơ chế các nguyên liệu";
2. Nấu canh miso;
1. Đậu hũ100-200gr (1-2 bìa đậu);
Canh miso nè;
"Hãy nấu canh miso cho anh mỗi ngày nhé!"",https://afamily.vn/mon-canh-nay-nau-chua-toi-10-phut-la-xong-ma-thanh-pham-vua-ngon-vua-bo-20220327145149331.chn";
"Thực đơn cơm tối chỉ 2 món giản dị ngon lành mà nấu cực nhanh cho ngày đầu tuần bận rộn,,""1. Canh nấm Nấm hương khô, nấm hương tươi, nấm hải sản, nấm đùi gà, kỷ tử, nước tương, hành lá";
Muốn đổi bữa cho gia đình thì bạn hãy nấu ngay một nồi canh nấm thơm ngon bổ dưỡng nhé. Canh nấm thanh mát, lại ngọt lành cực kỳ phù hợp để ăn chay cũng như những hôm muốn đổi vị cho gia đình.;
Nấm hương khô 10 cái;
Nấm hương tươi 2 cái;
Nước tương vừa đủ;
Nấm hương đem rửa sạch sau đó ngâm với nước ấm cho nở. Bạn cần phải rửa sạch bụi bẩn ở nấm hương rồi mới ngâm nước nóng vì chúng ta sẽ dùng nước ngâm nấm này để nấu canh.;
Sau khi nấm hương nở hoàn toàn thì vớt ra, để phần nước riêng một bên.;
Rửa sạch nấm hương tươi, tỉa phần đầu nấm cho đẹp. Nấm đùi gà thái lát, sau đó khía quả trám trên mặt lát nấm. Khía cả hai mặt của lát nấm.;
Đặt chảo lên bếp, để lửa vừa. Khi nồi nóng thì cho nấm đùi gà vào áp chảo cho vàng đều hai mặt.;
Sau đó đổ nước ngâm nấm vào đun sôi thì thả nấm hương khô, nấm hải sản vào nấu trong 1 phút.;
Đổ phần canh nấm này sang nồi đất hoặc nồi đế dày. Sau đó thêm nấm hương tươi, phần kỷ tử đã ngâm rửa sạch vào nồi canh. Nấu canh nấm trong 5 phút.;
Tiếp đến thêm nước tương vào, nêm nếm cho vừa miệng thì tắt bếp.;
Cuối cùng rắc chút hành lá lên là xong. Món canh nấm thanh ngọt đã sẵn sàng để thưởng thức.;
Lợi ích dinh dưỡng của nấm;
Nấm là nguồn chất xơ, protein và chất chống oxy hóa dồi dào, ít calo. Nấm giàu các vitamin thuộc nhóm B như riboflavin (vitamin B2), axit folic (vitamin B9), thiamin (vitamin B1), axit pantothenic (vitamin B5) và niacin (vitamin B3). Nấm cũng có khá nhiều thành phần vi khoáng quý hiếm đối với cơ thể như selenium, kali, đồng, sắt và fosfor. Nấm là sản phẩm chay duy nhất có vitamin D tự nhiên.;
Đậu phụ chiên không chỉ giòn bên ngoài mà còn mềm bên trong. Ngoài ra, nó có vị ngon tuyệt vời khi ăn kèm với nước sốt teriyaki. Món đậu hũ chiên teriyaki áp chảo này rất thích hợp để làm món khai vị, món ăn trong bữa tiệc, món ăn kèm hoặc thậm chí là món chính dùng với cơm. Bên cạnh đó, đây là một món ăn thuần chay tuyệt vời.;
Sốt teriyaki: 2 thìa súp (trộn với chút vừng rang);
Dầu thực vật: 3 thìa súp;
Đậu phụ rửa qua nước sau đó dùng khăn giấy thấm khô. Cắt đậu phụ thành từng miếng vuông nhỏ đều nhau.;
Đổ 3 thìa dầu thực vật vào chảo. Khi dầu đủ nóng, bạn cho đậu phụ vào chiên ở lửa nhỏ vừa.;
Chiên trong khoảng 1-2 phút mỗi bên. Nhớ vặn lửa ở mức vừa phải để không bị cháy. Chiên đến khi đậu phụ chuyển sang màu vàng nâu.;
"Sau đó chuyển đậu phụ vào đĩa, rưới sốt tariyaki lên trên. Rắc chút hành lá là có thể thưởng thức được rồi."",""1. Canh nấm";
2. Đậu phụ chiên giòn sốt teriyaki;
2. Đậu phụ chiên giòn sốt teriyakiĐậu phụ, bột khoai tây, hành lá, nước sốt teriyaki, dầu thực vật;
Đối với nhiều gia đình, ăn chay giờ đây không chỉ còn xuất hiện vào ngày đầu tháng hoặc ngày rằm mà là một cách để thanh lọc cơ thể. Thay vì hàng ngày ăn uống phủ phê thịt cá, chúng ta có thể ngắt quãng bằng một vài bữa chay trong tuần. Những bữa ăn chay không chỉ giúp bổ sung một lượng đạm thực vật tốt cho sức khỏe mà còn tăng cường rau xanh, chất xơ tốt cho cơ thể. Và hầu hết ai đã ăn chay đều nhận thấy sẽ nhẹ bụng hơn nhiều so với ăn thịt. Hôm nay bạn hãy vào bếp nấu một mâm cơm chay cho gia đình với 2 món đơn giản sau đây nhé!;
Nguyên liệu:;
Nấm hải sản 30g;
Nấm đùi gà 1 cây;
Kỷ tử 1 nhúm nhỏ;
Hành lá 1 cây (tùy chọn);
Cách nấu:;
Ngâm nấm hương;
Chuẩn bị các loại nấm khác;
Nấm hải sản rửa sạch, để ráo nước.;
Nấu canh nấm;
Đậu phụ: 2 bìa;
Bột khoai tây: 60g;
Chuẩn bị đậu phụ:;
Chiên đậu phụ:;
Lăn đậu phụ qua lớp bột khoai tây.;
Gắp đậu phụ ra đĩa có lót sẵn giấy thấm dầu cho ráo.;
"Hành lá cắt nhỏ."",https://afamily.vn/thuc-don-com-toi-chi-2-mon-gian-di-ngon-lanh-ma-nau-cuc-nhanh-cho-ngay-dau-tuan-ban-ron-20211101230311991.chn";
"Bữa cơm 1 món đủ cả thịt lẫn rau: Ăn ngon mà chế biến nhàn tênh lại chẳng phải rửa nhiều nồi niêu xoong chảo!,,""3. Rau củ20gr nấm kim châm, 20gr nấm linh chi, 20gr nấm đông cô, 1 củ cà rốt, 100gr đậu Hà Lan, 30gr ngô ngọt";
4. Đậu hũ chiên120gr (tương đương 1 bìa đậu);
5. Gia vịNước tương Kikkoman của Nhật, đường kính, hạt nêm;
Hôm nào mà ngại nấu nhiều món, ngại rửa nhiều nồi niêu xoong chảo thì chị em hãy thử nấu ngay món cơm hấp thập cẩm kiểu Nhật mà chúng tôi gợi ý sau đây nhé. Thành phẩm đảm bảo lạ miệng và ăn xong chẳng cần rửa nhiều bát đĩa, nồi niêu.;
Bạn có thể tìm mua nước tương Kikkoman tại các chuỗi siêu thị lớn như Vinmart, BigC,... hoặc trong các chuỗi cửa hàng K-Market nha!;
Đầu tiên, chị em vo 1-1.5 bát gạo rồi để gạo ráo nước. Cà rốt nạo vỏ, rửa sạch rồi thái hoặc bào thành sợi dài. Các loại nấm rửa sạch cắt vừa ăn. Thịt heo cũng rửa sạch rồi đem cắt lát mỏng. Đậu hũ chiên cắt nhỏ.;
Bạn cho khoảng 1 thìa cà phê dầu ăn vào chảo, đợi dầu nóng già rồi cho phần thịt heo đã cắt nhỏ vào. Đảo khoảng 2 phút trên lửa vừa cho thịt săn lại rồi cho ra đĩa riêng.;
Tiếp theo, bạn cho phần rau củ và nấm đã sơ chế vào chảo. Xào khoảng 2 phút trên lửa lớn. Chị em hãy đảo rau củ và nấm thật đều tay để các nguyên liệu chín mà không bị cháy, dính vào chảo nha.;
Đầu tiên, chị em hãy pha nước tương nha. Bạn cho 500ml nước lọc vào bát cùng 50gr đường kính, 2 thìa canh hạt nêm, 100ml nước tương Kikkoman và khuấy tan.;
"Tiếp theo, cho gạo đã vo vào nồi, đổ phần nước tương vừa pha vào rồi xếp thịt heo và rau củ - nấm đã xào lên bề mặt gạo. Cuối cùng là xếp đậu hũ đã chiên lên, đậy nắp nồi cơm và nhấn nút """"Cook"""".";
"Khi nồi cơm nhảy sang nút """"Warm"""", bạn đợi khoảng 1 phút rồi ấn nút """"Cook"""" thêm 1 lần nữa. Thế là xong rồi đó!";
Vậy là chỉ với 3 thao tác đơn giản cùng 1 chiếc chảo và 1 chiếc nồi cơm, chị em đã có ngay món cơm hấp thập cẩm kiểu Nhật thơm ngon để thưởng thức rồi. Xới cơm ra bát và ăn thôi!;
"Cơm ngấm nước tương và vị ngọt của các loại rau củ, nấm nên rất ngon"",""1. Sơ chế các nguyên liệu";
2. Xào thịt và rau củ;
3. Hấp cơm thập cẩm;
1. Gạo1-1.5 bát con;
2. Thịt heo200gr;
Cơm hấp kiểu Nhật nè;
Rửa sạch, cắt nhỏ các nguyên liệu vậy nè;
Xào thịt trước;
Rau củ và nấm thì xào riêng;
Xếp các nguyên liệu vào nồi cơm nè;
Thành phẩm nè!;
"Với những thông tin và gợi ý này, hy vọng chị em sẽ có thêm một cách nấu cơm nhàn tênh mà thành phẩm đảm bảo vẫn ngon và đủ chất. Chị em nhớ lưu lại cách làm cơm hấp thập cẩm này để """"chữa cháy"""" cho những ngày quá bận rộn hoặc quá lười nha."",https://afamily.vn/bua-com-1-mon-du-ca-thit-lan-rau-an-ngon-ma-che-bien-nhan-tenh-lai-chang-phai-rua-nhieu-noi-nieu-xoong-chao-20211014173924455.chn";
"Mách chị em cách nấu món canh vừa ngon vừa mát: Trời nóng mà ăn thì hợp lý vô cùng!,,""3. Nấu nước dùng Dashi";
3. Rau củ15gr tảo bẹ, 10gr rong biển khô, 100gr nấm linh chi, 3-5 nhánh hành lá, 1/2 củ gừng băm, 2 quả ớt;
5. Tương miso trắng1 thìa canh;
Bạn có thể tìm mua các nguyên liệu trong bài viết này tại các cửa hàng K-Market hoặc đặt mua online trên Tiki, Shopee,...;
Để sơ chế ngao thật sạch và không còn mùi hôi, bạn ngâm 500gr ngao vào hỗn hợp nước muối pha loãng, cho thêm vài lát ớt cắt nhỏ, ngâm khoảng 30 phút - 60 phút cho ngao nhả bớt cát.;
Sau đó, đem ngao rửa sạch qua vài lần nước. Bắc nồi lên bếp và cho vào 500ml nước. Khi nước sôi, bạn cho ngao vào luộc trong 3 phút để ngao mở miệng.;
Sau khi luộc ngao, bạn có thể tách lấy phần thịt ngao và bỏ hết vỏ ngao hoặc để nguyên cả con ngao mở miệng để nấu canh cũng được;
Bạn dùng 1 tấm vải mỏng hoặc vải mùng để chắt lấy nước luộc ngao và loại bỏ phần cát cặn.;
Bạn rửa qua đậu hũ non với nước rồi cắt thành miếng vừa ăn. Hành lá rửa sạch , băm nhỏ. Gừng nạo vỏ, cắt nhỏ. Rửa sạch nấm linh chi và để ráo.;
Ngâm 10gr rong biển khô với nước trong vòng 10 phút cho rong biển nở mềm rồi vớt ra và rửa sạch lại.;
Bạn dùng khăn thấm một ít nước ấm rồi lau sạch bụi trắng trên tảo bẹ. Bắc nồi lên bếp, cho 700ml nước và 15gr tảo bẹ vào, đun 10 phút với lửa vừa rồi vớt ra. Sau đó cho thêm 15gr cá bào khô vào, đun với lửa lớn đến khi sôi lại thì tắt bếp, chắt lấy nước và bỏ phần xác cá.;
Đổ phần nước luộc ngao đã lọc vào nồi nước dùng Dashi vừa nấu. Thêm gừng băm, 10gr rong biển khô và 100gr nấm linh chi vào nồi, đun sôi với lửa vừa khoảng 5 phút.;
Chị em có thể vặn to lửa/tăng nhiệt cho nồi canh nhanh sôi;
Tiếp theo, bạn cho vào bát 1 thìa canh tương miso trắng và múc một ít nước canh trong nồi vào bát, khuấy cho tương tan ra rồi đổ lại hỗn hợp này vào nồi.;
Pha loãng tương miso rồi đổ vào nồi canh;
Cuối cùng, cho phần đậu hũ non đã cắt nhỏ cùng phần ngao đã luộc vào nồi. Nêm thêm 1 muỗng canh hạt nêm, 1 thìa cà phê muối và đun nồi canh thêm 5-7 phút trên lửa vừa.;
Vậy là bạn đã hoàn thành xong món canh ngao miso rồi đấy. Múc ngao cùng nấm và đậu hũ non ra bát, đổ nước canh lên và rắc ít hành lá đã cắt nhỏ vào. Vậy là có thể thưởng thức được rồi!;
"Bát canh ngao miso với thịt ngao thơm ngọt, nấm dai, đậu hũ trắng mịn, và mùi thơm đặc trưng của rong biển, tất cả hòa quyện lại trong một tô canh. Nước canh ngọt thanh, dùng với cơm trắng thì miễn chê."",""1. Sơ chế và luộc ngao";
2. Sơ chế các nguyên liệu khác;
4. Nấu canh ngao;
1. Ngao500gr;
2. Cá bào khô15gr;
4. Đậu hũ non100gr;
6. Gia vịMuối, hạt nêm;
Mùa hè nóng nực, bữa cơm muốn ngon miệng nhất định không thể thiếu bát canh và đĩa rau xanh. Chính vì thế trong bài viết này, chúng tôi sẽ gợi ý cho chị em cách nấu canh ngao miso. Chỉ với vài thao tác đơn giản, bạn đã có ngay bát canh vừa ngon vừa mát.;
Canh ngao miso (Ảnh minh họa);
Lọc nước luộc ngao;
Đun tảo bẹ và cá bào rồi lọc bỏ hết phần bã, chỉ lấy phần nước dùng;
"Thành phẩm nè!"",https://afamily.vn/mach-chi-em-cach-nau-mon-canh-vua-ngon-vua-mat-troi-nong-ma-an-thi-hop-ly-vo-cung-2021063017003354.chn";
"8 sản phẩm không đáng mua ngay cả khi được giảm giá lớn,,""Bất cứ khi nào bạn ghé qua một cửa hàng và thấy một số sản phẩm được giảm giá chắc chắn sẽ ngay lập tức muốn mua chúng.";
Có 2 triệu chị em nên mua nồi chiên không dầu hay lò vi sóng?Đọc ngay;
Tuy nhiên, một số thứ không nên mua ngay cả khi được giảm giá lớn, bởi vì bạn cần đặt câu hỏi nghi ngờ liệu chúng có tốt cho gia đình bạn hay không. Trả lời câu hỏi này, bạn sẽ nhận ra rằng số tiền chúng ta tiết kiệm được từ giao dịch giảm giá này thực sự không đáng kể.;
Biết rõ mong muốn của bạn khi muốn mua một thứ gì đó đang giảm giá nhưng đồng thời, bạn cũng cần tính toán xem liệu các khoản chiết khấu được đưa ra có phù hợp với nhu cầu mua chúng hay không.;
Ban đầu, mọi thứ nghe có vẻ tốt cho bạn: Pho mát chế biến được làm từ pho mát tự nhiên. Tuy nhiên, chúng ta càng đi sâu vào chi tiết, nó càng trở nên tồi tệ hơn.;
Họ thêm chất béo bão hòa (để tăng mức cholesterol), một lượng lớn muối (để kéo dài thời hạn sử dụng và tăng hương vị) và thuốc nhuộm thực phẩm nhân tạo đối với pho mát tự nhiên.;
Mục tiêu chính của các nhà sản xuất pho mát đã qua chế biến là tăng thời hạn sử dụng của sản phẩm và bán số lượng tối đa. Thông thường, giá của sản phẩm này sẽ bằng với giá của pho mát tự nhiên chất lượng tốt.;
Ít bột mì và nhiều ngũ cốc đó là điều thúc đẩy chúng ta khi mua bánh mì nguyên hạt tốt cho sức khỏe. Trên thực tế, bánh mì nguyên hạt thường là bánh mì thông thường được ngụy trang là “tốt cho sức khỏe”. Theo công thức, nó được làm bằng bột mì trắng kết hợp với bột lúa mạch đen, một số hạt khô sẽ được thêm vào.;
Gói trái cây xay nhuyễn sẽ giúp bạn tiết kiệm được rất nhiều thời gian. Hơn nữa, nhà quảng cáo luôn khiến cho người mua có niềm tin rằng thành phần bên trong là vô hại. Nó không chỉ được sử dụng bởi trẻ em mà còn cả người lớn như một món ăn nhẹ trước bữa ăn trưa được mong đợi từ lâu.;
Tuy nhiên, hãy chú ý rằng thành phần chính trong các loại nước ép này là táo. Đây là loại trái cây có giá rất rẻ.;
Các kệ đựng sữa chua và bánh pudding chiếm nhiều diện tích trong các siêu thị. Nó có nhiều hương vị từ chuối, dâu tây, vani, xoài. Nhưng thật không may hầu hết các sản phẩm đều có lượng đường, chất làm đặc và chất bảo quản cao. Ngoài ra, bạn so sánh giá sẽ nhận thấy rằng sữa chua tự nhiên thường rẻ hơn.;
Đó là một món ăn nhẹ rất phổ biến vì hương vị ngon, trông đẹp mắt và khiến chúng ta tự tin rằng mình đang ăn một thứ gì đó tốt cho sức khỏe. Tuy nhiên, bạn nhìn kỹ thành phần của gói sẽ thấy rằng phần chính của sản phẩm này là trái cây rẻ tiền, đậu phộng và nho khô. Thực tế có loại hạt đắt tiền như hạnh nhân hoặc hạt điều nhưng rất ít.;
Những hỗn hợp này có giá bán đắt nhưng đừng vội mua nếu bạn nhận thấy có giảm giá vì nếu tự trộn ở nhà còn rẻ hơn nhiều.;
Một số loại gia vị chịu trách nhiệm về tạo điểm nhấn và mùi thơm trong các món ăn. Các loại gia vị này tốt nhất nên dùng ngay sau khi xay. Bạn không nên bảo quản chúng trong nhiều năm vì chúng sẽ mất mùi vị và mùi thơm rất nhanh. Tất nhiên, không ai có thể cấm bạn sử dụng gia vị xay sẵn nếu bạn không có cơ hội mua từng loại gia vị riêng lẻ. Tuy nhiên, những hỗn hợp này sẽ được trộn rất nhiều thành phần, trong số đó có thể tìm thấy chất điều vị và chất ổn định.;
Một miếng phi lê của bất kỳ loại cá nào sẽ luôn có giá cao. Tất cả chỉ vì người thợ đã dành thời gian và kỹ năng để làm sạch và bạn phải trả tiền cho việc đó. Khi mua cá nguyên con, bạn sẽ phải làm sạch và cắt nhỏ. Điều tốt là nó sẽ giúp bạn tiết kiệm rất nhiều tiền và giúp bạn tin tưởng rằng sản phẩm được chế biến và nấu nướng trong điều kiện vệ sinh tốt.;
"Điều tương tự cũng áp dụng cho thịt gia cầm khi mua cả con sẽ rẻ hơn nhiều so với các bộ phận riêng biệt."",""Nhiều người yêu thích món ăn Nhật Bản này nhưng không phải ai cũng có thể mua sushi làm sẵn. Đó là lý do họ quyết định nấu món này ở nhà. Ở siêu thị thường có gạo ghi “dành để làm món sushi” trên bao bì. Đặc điểm là chúng chứa rất nhiều tinh bột sẽ khiến gạo bị dính sau khi đun sôi. Bạn có thể lấy gạo hạt tròn thông thường và nấu nó một cách thích hợp kết quả nhận được sẽ tương tự.";
"Theo brightside"",https://afamily.vn/8-san-pham-khong-dang-mua-ngay-ca-khi-duoc-giam-gia-lon-20210511122646514.chn";
"Thương hiệu mì Udon tươi hàng đầu Nhật Bản SUIZAN khai trương cửa hàng thứ 3 tại Lotte Mart Gò Vấp,,""Đôi nét về thương hiệu SUIZAN";
SUIZAN là nhà hàng chuyên phục vụ những món ăn Nhật Bản, đặc biệt là các loại mì udon tươi. Cái tên SUIZAN, trong tiếng Nhật bao gồm hàm ý của Nước và Núi, hai biểu tượng quen thuộc cho sự an yên và gần gũi với thiên nhiên.;
Đó cũng chính là tinh thần mà SUIZAN đem đến cho các thực khách của mình. Mỗi món ăn tại đây đều hội tụ tinh hoa của văn hoá ẩm thực và những giá trị tự nhiên.;
Điểm đặc biệt của thương hiệu này chính là các sợi mì được làm thủ công. Nghệ nhân Nhật Bản sẽ dùng tay nhồi và kéo sợi để cho ra những sợi mì tươi dai, mềm nhất. Nguyên liệu mì tươi này được sản xuất tại Nhật Bản theo dây chuyền đạt chuẩn trước khi được đóng gói và chuyển đến hệ thống cửa hàng tại Việt Nam. Tất cả các khâu này đều đảm bảo vệ sinh an toàn thực phẩm.;
Cửa hàng thứ 3 ở Lotte Mart Gò Vấp;
"Chia sẻ về chi nhánh mới nhất của hệ thống SUIZAN, ông Yoshimoto Yasuyuki - Brand Manager - cho biết: """" Hai cửa hàng đầu tiên của SUIZAN toạ lạc ở Takashimaya và Thái Văn Lung (Quận 1) đã nhận được phản hồi rất tích cực của thực khách. Với cửa hàng thứ 3 ở khu Lotte Mart Gò Vấp, chúng tôi muốn mang ẩm thực Nhật Bản đến gần hơn nữa với thực khách Việt Nam.""""";
Theo đó, mùi vị của các món udon đã được gia giảm để phù hợp hơn với khẩu vị của người Việt Nam. Đặc biệt, nắm bắt được sở thích ăn cay của phần đông người địa phương, SUIZAN đã mạnh dạn bổ sung một món mì udon cay vào thực đơn. Đây cũng là món ăn được gợi ý ngay ở trang đầu của thực đơn SUIZAN, bên cạnh món best seller Mì udon thịt bò và trứng chần trứ danh.;
"Đại diện thương hiệu cho biết: SUIZAN hy vọng đem tinh hoa ẩm thực Nhật Bản đến gần hơn với người Việt với mức giá và chất lượng tốt nhất. Đối với cửa hàng thứ 3 ở khu vực Gò Vấp, bảng giá các món ăn cũng có sự điều chỉnh phù hợp với mức thu nhập bình quân của khu vực."",,https://afamily.vn/thuong-hieu-mi-udon-tuoi-hang-dau-nhat-ban-suizan-khai-truong-cua-hang-thu-3-tai-lotte-mart-go-vap-2020091912124061.chn";
"Chàng trai Hà Thành chia sẻ thực đơn Eat Clean buổi trưa trong 7 ngày theo style Nhật Bản: ngon - giảm cân - khỏe mạnh,,""NMùa hè đến cũng là lúc người người nhà nhà kéo nhau đi du lịch nghỉ mát, có người chọn đến những khu nghỉ dưỡng có rừng cây, núi đồi để tận hưởng cảm giác yên bình, thư giãn, người lại đến các """"thủ phủ"""" của hoa và mây với cảm giác se se lành lạnh nhưng cũng đủ khiến người ta phải ngất ngây bởi cảnh vật ngút ngàn. Nhưng đa phần mọi người sẽ chọn các bãi biển là điểm đến nghỉ dưỡng của mình.";
"Ra đến biển, chắc chắn chẳng ai có thể kìm lòng mình được mà không ngay lập tức nhảy xuống nước đùa giỡn với làn nước và những hạt cát """"lướt nhẹ"""" trên đầu sóng. Tuy nhiên, để tự tin làm được điều đó thì trong suy nghĩ của bạn hẳn sẽ đặt ra câu hỏi: """"Trông mình có béo không??"""". Bởi vậy, thời điểm này cũng là lúc nhiều người tìm đến các phương pháp giảm cân khác nhau để cải thiện vóc dáng, tự tin đón hè về.";
Cái hay của việc ăn kiêng kiểu Nhật đó là quá trình nấu ăn như không hề dùng đến muối - loại gia vị nếu sử dụng quá thì dễ gây tích nước, tăng cân mà tiên quyết trong việc giảm mỡ và sống khoẻ lành mạnh là nên ăn nhạt.;
"Tương Miso Nhật tạo nên vị đậm đà """"umami"""" (theo tiếng Nhật có nghĩa là vị ngọt), mang đến cho món ăn mặn ngọt hài hoà. Hơn thế, vì là đậu tương lên men nên nó còn có tác dụng giúp tiêu hoá tốt hơn.";
"Ramen đúng chuẩn healthy, toàn tinh bột """"tốt"""", đủ chất và vẫn thật ngon. Bạn cũng có thể thay thế sợi ramen bằng bún Shirataki được làm từ củ nữa, phổ biến trong ẩm thực Nhật, có hàm lượng chất xơ rất cao, có tính mát, hàm lượng tinh bột bằng 0!";
Nước dùng chỉ từ xương gà ta, thịt gà để có vị ngọt tự nhiên, được nêm nếm bằng cá bào katsuoboshi, nước tương Kikkoman.;
Lườn gà hấp chín tới thái lát mỏng, rau củ sạch đảo sơ với bột dashi và dầu quả bơ, trứng luộc lòng đào ngâm xì dầu.;
Vũ sử dụng gạo ngũ cốc, trộn với ngô rồi nấu chín. Cá hồi ướp với sốt Miso đỏ tạo màu đẹp hơn, gia giảm cùng xì dầu, sake, mirin để trung hoà vị mặn rồi nướng nhiệt thật cao trong thời gian ngắn để cá hồi chín vừa tới không bị bở.;
Salad củ cải sốt Ponzu mua sẵn, thêm yuzu chanh vàng cho thật thơm. Đậu hũ lạnh là món rất quen thuộc, mua đậu hũ non về rưới sốt ponzu hoặc nước tương pha loãng, thêm chút gừng xay nhuyễn, lót lá tía tô ở dưới vừa để trang trí vừa để ăn ngon.;
Một món ăn kết hợp lấy ý tưởng từ món bún bò Nam Bộ của Việt Nam và sử dụng gia vị nguyên liệu của Nhật. Sốt Teriyaki Vũ nấu thay đường bằng mật ong nên vị ngọt lại dịu và êm hơn đường. Quan trọng nhất là healthy.;
Bánh mì lúa mạch kẹp bò nướng gừng tỏi, xà lách Romaine, cà chua và sốt Tỏi Aioli Wasabi. Hoặc nếu ăn chay, thì bạn có thể thay bằng nấm đùi gà xào Truffle đen và sốt sữa chua mật ong bạc hà.;
Eat clean vẫn cho phép bạn ăn thịt heo, ở đây, Vũ sử dụng nạc vai heo để có một chút mỡ, khi nấu thịt sẽ mềm, không bị bở và khô. Cứ ninh thịt heo trong nước lã với gừng, hành trong 2 tiếng lửa liu riu. Sau đó, ninh thêm 1 tiếng với nước Dashi pha thêm xì dầu, sake, mirin, mật ong cho ngấm vị là thịt nhừ mềm tan.;
"Củ cải bào thành lát mỏng, trộn với sốt cà chua húng tây nấu như sốt mì ý, lưu ý, củ cải khi bào xong cần ngâm nước đá để bớt vị hăng rồi trộn lạnh với sốt. Súp lơ luộc rưới sốt mè. Cơm ngũ cốc trộn khoai lang ăn có vị vừa ngon vừa ngọt."",""Lê Anh Vũ (28 tuổi, Hà Nội).";
"Với tính ham ăn, Lê Anh Vũ (28 tuổi, Hà Nội) biết rằng mình chẳng thể nào nhịn ăn nổi, bởi vậy anh chàng đành phải ngồi """"nghiên cứu"""" cách ăn ngon mà vẫn có tác dụng giảm cân, """"thế thì chỉ có duy nhất bằng phương pháp Eat Clean thôi.  Nhưng Eat Clean mà cứ rau hấp, rau luộc, rau salad, rồi thịt hấp, thịt luộc thì chán lắm, một con nghiện tinh bột mà lại cứ khoai lang luộc thì thôi đấy. Nấu ăn mà cứ nêm với muối không thôi thì cũng nhạt nhẽo lắm"""", Vũ chia sẻ.";
Thêm vào đó, mọi thông tin về Eat Clean trước giờ đều là từ các đồ ăn phương Tây, chưa thực sự phù hợp với phong cách ăn uống của người châu Á. Mà Eat Clean là chế độ ăn kiêng lành mạnh cần phải trở thành một phần của cuộc sống, nên được thực hiện trong thời gian dài để mang lại sức khỏe khỏe mạnh. Bởi vậy làm sao có thể ăn đồ Tây cả tuần, cả tháng được.;
Từ 2 vấn đề trên, Vũ đặt ra mong muốn thiết kế nên được một chế độ ăn kiêng Eat Clean phù hợp với người Châu Á hơn, vừa tốt cho sức khỏe nhưng cũng phải ngon, hấp dẫn nữa. Anh nhận thấy những nguyên vật liệu sử dụng trong ẩm thực Nhật Bản rất tốt cho sức khoẻ, ngon, đậm chất Châu Á và đúng nghĩa “clean”. Bởi vậy, anh đã thiết kế nên thực đơn ăn kiêng Eat Clean bữa trưa 7 ngày theo phong cách ẩm thực Nhật Bản để đáp ứng những nhu cầu này.;
Dưới đây là thực đơn ăn kiêng Eat Clean bữa trưa 7 ngày theo phong cách Nhật Bản được Vũ chia sẻ với các loại gia vị được sử dụng gồm: muối, tương miso, cá bào, rượu sake, mirin, dầu olive, dầu quả bơ, rong biển kombu, mật ong và những nguyên liệu giúp cân bằng hương vị, đậm đà lại tốt cho sức khỏe, giúp giảm cân!;
Bánh mì đen có thể tự làm hoặc mua ở các cửa hàng, kẹp theo thứ tự: Bánh mì - Xà lách - Cà chua - Lườn gà - Cà chua - Xà lách - Bánh mì;
"Sốt quả bơ làm từ quả bơ chín, vắt một chút nước cốt chanh và một ít muối, tiêu, thêm rau mùi ta băm nhỏ nữa là cực đỉnh."",https://afamily.vn/chang-trai-ha-thanh-chia-se-thuc-don-eat-clean-buoi-trua-trong-7-ngay-theo-style-nhat-ban-ngon-giam-can-khoe-manh-20200617094949684.chn";
"Chỉ là “tay ngang” nhưng cách thể hiện món ăn lại vô cùng xuất sắc bảo sao hàng chục ngàn người ""bấn loạn"" trước tài bếp núc của ông bố Nhật Bản này!,,""Sashimi là món khai vị trong các bữa ăn trang trọng ở Nhật. Nó là tên gọi chung cho những món ăn mà thành phần chính là các hải sản tươi sống.";
Người Nhật cho rằng những món ăn từ hải sản nói chung, đặc biệt là cá rất có lợi cho sức khỏe người ăn, giúp thông minh, mắt sáng.;
Trong ẩm thực, sashimi được xem là nét văn hóa Nhật đề cao sự tinh tế.;
"Trên trang cá nhân với gần 70.000 lượt theo dõi của mình, anh thường xuyên chia sẻ những đĩa sashimi trông vô cùng đẹp mắt, đầy chất nghệ thuật khiến người xem phải thán phục và không nỡ """"động đũa"""".";
Dân mạng phải trầm trồ trước khả năng bếp núc của ông bố khéo tay này.;
Điều bất ngờ nhất đó chính là ông bố này không phải là đầu bếp, cũng không phải là một người làm việc trong lĩnh vực thiết kế, hội họa. Anh chỉ tình cờ phát hiện ra tài năng trang trí những miếng hải sản của mình khi hướng dẫn con trai các điều cơ bản về món sashimi.;
Cùng chiêm ngưỡng tài nghệ bếp núc đầy nghệ thuật của ông bố Nhật Bản này nhé:;
Một nàng tiên xinh đẹp trong truyện cổ tích.;
"Một cô bé tinh nghịch đang lướt ván """"sushi"""".";
Nhân vật thiếu nữ trong truyện tranh Nhật Bản được tạo thành với phần váy áo lộng lẫy từ những lát cá hồi với họa tiết bắt mắt.;
Nàng tiên với bộ cánh hoa hồng lộng lẫy.;
Con gái của vua Thủy tề vô cùng yểu điệu thục nữ.;
Nàng tiên cá lộng lẫy sắc màu được tạo hình từ cá ngừ và cá hồi.;
"Cô dâu chú rể """"tình bể tình"""" bên nhau được tạo từ những miếng cá thái lát mỏng.";
Công, Phượng xòe cánh lộng lẫy.;
"Đĩa sashimi mang tên: """"Đừng đùa với lửa"""" được tạo thành từ những lát cá hồi xắt mỏng.";
Thiên thần mẹ con đang vui vẻ với nhau.;
Nàng công chúa thơ mộng trong rừng.;
"Hẳn bạn sẽ bất ngờ khi biết toàn bộ cô gái và váy áo này được làm từ những lát mực xắt mỏng?"",""Mới đây, một ông bố mới 40 tuổi người Nhật đã nâng tầm món ăn độc đáo này lên một bước mới. Anh có nickname trên mạng xã hội Instagram là Mikyoui00.";
Với cách bày biện, trang trí cầu kỳ, bắt mắt, ông bố người Nhật đã nâng tầm nghệ thuật cho món Sashimi.;
Những lát cá, bạch tuộc... đơn điệu được anh sắp xếp một cách tài tình, thẩm mỹ biến chúng thành những hình thù sống động. Nào là cô gái xinh đẹp mặc chiếc váy đỏ lộng lẫy, nào là nàng tiên trong truyện cổ tích, rồi thì lại là bạch mã, con rồng, con phượng...;
"Mikyou cũng muốn con trai mình thích thú hơn đối với việc tự chuẩn bị đồ ăn cho bản thân và người thân: """"Tôi muốn dạy cho con trai mình cách thực hiện món sashimi theo đúng nghệ thuật ẩm thực Nhật Bản và chính trong quá trình dạy con, tôi trở nên đặc biệt hứng thú với việc tạo hình những lát cá thành các tiểu cảnh trên đĩa""""."",https://afamily.vn/chi-la-tay-ngang-nhung-cach-the-hien-mon-an-lai-vo-cung-xuat-sac-bao-sao-hang-chuc-ngan-nguoi-ban-loan-truoc-tai-bep-nuc-cua-ong-bo-nhat-ban-nay-20200615180631511.chn";
"Bữa tối 2 món cá nấu nhanh ăn ngon, cả nhà tấm tắc, nồi cơm hết trong nháy mắt!,,""- 2 miếng phi lê cá diêu hồng hoặc cá saba, cá thu đao, cá ngừ đại dương, cá tuyết… đều hợp";
- 1 lóng gừng, 2 cây hành lá;
- 150ml nước lọc;
- 50ml nước tương, 50ml rượu sake nấu ăn, 30ml rượu gia vị ngọt mirin;
1. Gọt vỏ và cắt lát gừng. Hành lá cắt khúc ngắn. Đun sôi nước, đổ lên cá chần sơ 10 giây rồi đổ nước đi (chần cá để loại bỏ chất dơ và khi kho sẽ không có bọt bẩn). Cho cá vào nước đá lạnh đến khi cá hạ nhiệt. Gắp cá ra thấm khô bằng giấy ăn.;
2. Trong một chảo vừa, cho nước, rượu sake, nước tương, mirin và đường và đun sôi lửa vừa.;
Đậy nắp hoặc dùng màng nhôm phủ lên mặt cá (mục đích đậy nắp hoặc phủ màng nhôm là để hỗn hợp nước sôi phủ mình cá cho cá thấm đều dù ít nước kho) đun liu riu cho cá thấm gia vị, có thể trở mình cá 1 lần hoặc không đều được.;
Món cá kho mềm mịn tan trong miệng với vị thơm ngọt của các loại gia vị, ăn với cơm thì siêu ngon!;
Món canh cá không dầu mỡ, chua thanh, thích hợp cho những ngày nắng nóng.;
- 1.2 lít nước;
1. Phi lê cá rửa sạch thấm khô, cắt cá thành 4 miếng đều nhau. Cà chua cắt múi cau. Thì là bỏ gốc rửa sạch, cắt khúc 5cm.;
Vớt bọt rồi cho cá vào nấu chín. Thêm cà chua nấu chín mềm nhưng không nát.;
"Món canh cá không dầu mỡ, chua thanh. Múc canh ra tô, thêm lát ớt đỏ cho thơm, dùng với cơm nóng hoặc bún tươi rất ngon."",""Nguyên liệu:";
#NAME?;
- 30gr đường;
Chế biến:;
Cho tiếp gừng, hành cắt khúc và cá vào.;
Khi nước kho cạn 1/2 là hoàn tất.;
- 300gr phi lê cá diêu hồng;
- 4 trái cà chua;
- 150gr thì là;
- 1 gói gia vị lẩu Thái;
2. Cho nước vào nồi đun sôi, thêm gói gia vị lẩu Thái vào.;
"Cho tiếp rau thì là. Khuấy đều và tắt lửa là xong."",https://afamily.vn/bua-toi-2-mon-ca-nau-nhanh-an-ngon-ca-nha-tam-tac-noi-com-het-trong-nhay-mat-2020040915381576.chn";
"Nhật Bản: Thịt bò ăn liền cho các chị em bận rộn, chỉ tốn 3 phút đã có ngay bữa cơm nóng hôi hổi,,""7 sản phẩm hữu ích dành riêng cho các chị em """"não cá vàng"""" suốt ngày quên quên nhớ nhớĐọc ngay";
Các bà nội trợ vẫn thường quen với việc mua các sản phẩm ăn liền đồ khô hoặc tươi sống nhưng ở dạng hộp. Tuy nhiên, gần đây nhất tại Nhật Bản, một sản phẩm ăn liền tươi sống được ninh nhừ từ dải thịt bò và hành tây đã được đóng thành dạng gói phục vụ người tiêu dùng.;
Sản phẩm được bán thông quan các cửa hàng trực tuyến của các công ty phân phối và nằm trong danh mục những thực phẩm được yêu thích tại Nhật Bản.;
Các túi thịt bò này được đông lạnh trong túi nhựa microwavable. Bạn chỉ cần bỏ vào lò vi sóng trong 3 phút là có thể sử dụng được.;
Túi thịt bò ninh nhừ ăn liền dành cho những ai bận rộn.;
Chỉ việc bỏ vào lò vi sóng và quay trong vòng 3 phút.;
Ngay sau khi bát thịt bò được quay nóng, bạn sẽ cảm thấy khá bất ngờ với những gì mình trông thấy. Hương vị của món thịt bò khá tươi ngon, thậm chí còn ngang với cả những loại vẫn thường được bán tại chuỗi cửa hàng thức ăn nhanh nổi tiếng ở Nhật Bản.;
Bên cạnh sự tiện lợi khi gói giấy có thể bảo quản được một số lượng dải thịt bò đủ cho một người ăn, bạn cũng chỉ tốn khoảng 3 phút để hâm nóng và bắt đầu bữa ăn nhanh của mình.;
Thực phẩm cũng khá linh hoạt khi có thể sử dụng cùng với cơm trắng, bánh mì, bánh sandwich hoặc mì udon. Ngoài ra, bạn cũng có thể ăn cùng với các loại thức ăn khác hoặc bỏ thêm rau xanh.;
Hương vị của món thịt bò tươi ngon nên được lòng nhiều người tiêu dùng Nhật Bản.;
Hiện tại sản phẩm đang được bán dưới dạng combo trên trang bán hàng trực tuyến với giá 600.000 đồng/5 túi.;
"Nếu bạn giữ đông lạnh, chúng có thể bảo quản được trong vòng 6 tháng mà không bị ảnh hưởng."",""Thịt bò ăn liền có thể phối hợp với rất nhiều loại thức ăn.";
"Theo Soranews24"",https://afamily.vn/nhat-ban-thit-bo-an-lien-cho-cac-chi-em-ban-ron-chi-ton-3-phut-da-co-ngay-bua-com-nong-hoi-hoi-20200312144027114.chn";
"Ăn thử bánh mì ""quốc kỳ"" đang hot ở Hà Nội với cam kết ""vỏ đỏ 100% organic"",,""Trước tiên: nó trông đẹp hơn ngoài đời so với ảnh trên mạng";
Cái này không phải lúc nào cũng đúng với đồ ăn viral, nên cần ghi nhận.;
Màu đỏ của vỏ bánh nhìn trực tiếp đậm và tự nhiên - không có cái vẻ đỏ gắt kiểu phẩm màu công nghiệp, mà đỏ kiểu củ dền thật: tối hơn một chút, có chiều sâu hơn. Ngôi sao vàng nằm chính giữa, không bị lệch, không bị cháy. Gói trong giấy bạc, mở ra còn bốc hơi nhẹ.;
Vỏ bánh: giòn - nhưng cần biết trước một điều;
Cắn vào thì giòn vừa đủ để nghe thấy tiếng, ruột xốp, không bị đặc hay bí. Màu củ dền để lại một vị ngọt rất nhẹ ở cuối - không ảnh hưởng đến tổng thể, chỉ là một lớp nền mới cho hương bánh mì quen thuộc.;
Điều cần nói thẳng: vỏ mỏng hơn bánh mì Hà Nội cổ điển. Lớp vỏ dày giòn rụm đặc trưng của bánh mì truyền thống không có ở đây - có thể do kỹ thuật nhuộm màu yêu cầu điều chỉnh tỉ lệ bột. Không phải lỗi, nhưng nếu bạn là người ghiền cái vỏ dày giòn thì cần biết trước.;
Đây là phần đáng nói nhất - và cũng là lý do thực sự để ghé Bami1945, không chỉ vì cái vỏ đỏ.;
Xúc xích đỏ truyền thống Hà Nội là thứ ngày càng hiếm. Nhiều hàng đã bỏ vì làm quá mất công, thay bằng giò chả hoặc xúc xích mua sẵn cho tiện. Bami1945 vẫn dùng xúc xích đỏ tự làm: thái dày, màu đỏ đặc trưng, vị dẻo thơm mùi ngũ vị - đúng kiểu xúc xích bánh mì Hà Nội ngày xưa, không phải xúc xích kiểu Đức hay Tiệp bán đầy siêu thị.;
Bami1945 không có lựa chọn size lớn nhỏ. Ăn xong thì no bữa sáng hoặc bữa xế nhẹ - không no kiểu bữa chính. Nếu đang đói từ sáng chưa ăn gì thì cứ mua hai cái luôn cho chắc, không phải suy nghĩ nhiều.;
Có đáng đi không?;
Dịp lễ này thì đáng ghé một lần. Nếu bạn ở quanh khu Đặng Văn Ngữ - Đống Đa thì càng không có lý do gì để không thử. Còn nếu phải di chuyển cả chặng đường xa thì cân nhắc thêm - nó ngon, nhưng không phải loại ngon khiến bạn thấy đáng đi 10km chỉ để ăn một mình nó.;
"Quan trọng là nó ngon thật, không chỉ đẹp thật."",""Cầm lên tay thấy nó ổn hơn mình tưởng.";
Nhân bánh: xúc xích đỏ là điểm mạnh thật sự;
"Đi cùng pate, dưa chuột, rau mùi - không có sốt gì lạ. Vị tổng thể nghiêng về phong cách bánh mì Hà Nội cổ điển: ngậy, đậm, không chua ngọt. Ai quen bánh mì nhiều sốt kiểu miền Nam có thể thấy hơi """"khô"""" - nhưng đó là đặc trưng, không phải thiếu sót.";
"Phần nhân rất """"đẫm""""";
Chỉ có một size - và no vừa đủ;
"Mua về, mở giấy bạc ra, nhìn cái bánh đỏ rực trước khung cửa sổ Hà Nội tháng Tư - tự nhiên thấy hợp cảnh theo cách không cần giải thích. Chụp ảnh xong rồi ăn, hoặc ăn rồi chụp ảnh - thứ tự nào cũng không sao."",https://afamily.vn/an-thu-banh-mi-quoc-ky-dang-hot-o-ha-noi-voi-cam-ket-vo-do-100-organic-236260430141401401.chn";
"Chiếc bánh mỳ khổng lồ ở miền Tây từng khiến nhiều người cho là sản phẩm photoshop, nhưng ít ai biết chính nó đã từng được xếp hạng là món ăn kỳ lạ nhất thế giới,,""Bánh mỳ khổng lồ là món ăn quen thuộc của một số tỉnh miền Tây, tuy nhiên lại khá lạ lẫm với nhiều người.";
Ấy thế nhưng khi nghe thấy bánh mỳ khổng lồ, to bằng cả cái bàn thì lại khác, nhiều người khi lần đầu nhìn thấy bèn tỏ ra vô cùng ngạc nhiên khi không nghĩ lại có chiếc bánh to như vậy trên đời.;
Bánh mỳ khổng lồ xuất hiện đầu tiên tại An Giang hay một số vùng tại miền Tây, để làm nên chiếc bánh mỳ khổng lồ chỉ chín vàng đều khi nướng từ 45 - 60 phút, lâu hơn gấp 3, 4 lần thời gian nướng bánh so với những ổ bánh mì bình thường và hoàn toàn không thể sử dụng lò điện.;
Chỉ với giá khoảng 50.000 đồng bạn đã có thể mua được một chiếc bánh mỳ về cho cả gia đình ăn no.;
Điều thú vị khi nói đến bánh mỳ khổng lồ là vào năm 2018, trang tin Brightside đã bình chọn đây là một trong những món ăn kỳ lạ nhất thế giới năm 2018, trong đó có bánh mì khổng lồ ở An Giang.;
"Sau khi những hình ảnh về món bánh này được chia sẻ trở lại, rất nhiều người tỏ ra tò mò về loại bánh này và muốn thử một lần xem sao. Nếu có cơ hội hãy về An Giang, khi đó bạn sẽ có thể thưởng thức món ăn này và đừng quên đi theo gia đình hay bạn bè để có thể ăn hết chiếc bánh siêu to khổng lồ này nhé!"",""Bánh mỳ là một món ăn vô cùng quen thuộc với người Việt Nam, thường được làm vừa phải để ăn hàng ngày, với phần nhân được cho rất nhiều thành phần như trứng, chả, nộm, pa-tê... sau đó có nhiều """"biến thể"""" của chiếc bánh mỳ như bánh mỳ dài hay bánh mỳ chuột được ra đời, mỗi loại bánh mỳ lại hợp với cách ăn khác nhau.";
"Chiếc bánh làm nhiều người bất ngờ về kích thước."",https://afamily.vn/chiec-banh-my-khong-lo-o-mien-tay-tung-khien-nhieu-nguoi-cho-la-san-pham-photoshop-nhung-it-ai-biet-chinh-no-da-tung-xep-hang-la-mon-an-ky-la-nhat-the-gioi-20200513184011777.chn";
"Độc quyền: Hot mom Huỳnh Phương Trang chia sẻ công thức bánh mì phô mai bơ tỏi Hàn Quốc cực đỉnh,,""- Cho bột mì và men vào thố inox nhồi bột, trộn lên sau đó cho tiếp phụ gia, đường, sữa bột và muối, trộn đều tất cả. Việc trộn bột trước với men giúp men không tiếp xúc trực tiếp với các nguyên liệu khác để không ảnh hưởng đến chất lượng của men.";
- Tiếp đến cho trứng, sữa tươi không đường, nước đá vào trộn đều rồi cho vào máy bắt đầu nhồi bột.;
- Mở máy tốc độ thấp nhồi đến khi bột quyện thành khối mịn màng và không dính tay. Tiếp đến cho bơ vào nhồi tiếp đến khi bột mịn mượt, không dính tay và kéo màng mỏng. Tổng thời gian nhồi bột khoảng 20 - 25 phút tùy loại máy, các bạn lưu ý luôn nhồi bột ở tốc độ chậm để không làm đứt các sợi gluten vì sợi gluten được hình thành trong quá trình nhồi bột và giúp bánh mì mềm dai, nếu gluten bị đứt, bánh thành phẩm sẽ bị khô bở chứ không mềm nữa.;
- Sau khi nhồi bột xong, nếu bột của các bạn có sử dụng phụ gia, các bạn lấy màng bọc thực phẩm gói cục bột lại, cho bột vô ngăn đá nghỉ 30 phút rồi bắt đầu tạo hình.;
- Trường hợp bột của các bạn không có phụ gia, các bạn cho bột vào một cái tô có thoa 1 lớp dầu ăn mỏng, lấy khăn đậy tô bột lại rồi ủ đến khi bột nở phồng to, gấp 3 lần kích thước ban đầu. Sau khi bột nở đạt, các bạn dùng tay đấm xẹp khối bột rồi đem bột ra ngoài, gom lại thành 1 khối rồi để bột nghỉ khoảng 15', dùng khăn che khối bột lại để bột không bị khô. Sau đó bắt đầu chia bột, tạo hình.;
#NAME?;
#NAME?;
- Nướng bánh ở rãnh giữa, nhiệt 180 độ - 190 độ C trong 10 - 12', không được nướng quá 12 phút nếu không bánh sẽ bị khô.;
(*) Lưu ý: Bột bắp sẽ quyết định độ đặc của xốt và lượng bột bắp ít hay nhiều phụ thuộc vào loại kem phô mai các bạn dùng. Ở đây Trang dùng Philadelphia, kem phô mai của nhãn hiệu này tương đối mềm và Trang dùng 11g bột bắp thì xốt mới đủ sệt để trang trí lên bánh.;
- Trứng gà: 50g;
- Whipping cream: 20g;
- Rau mùi tây sấy khô (lá parsley): 1 muỗng cafe (nguyên liệu này không bắt buộc, nếu không có thì có thể thay bằng hành lá tươi cắt mỏng cũng rất thơm, do mình không thích mùi của loại lá cây này nên không dùng);
- Tỏi xay nhuyễn: 1 muỗng cafe (nếu thích mùi tỏi nhiều hơn thì cho 2 muỗng cafe).;
#NAME?;
- Nếu để bánh ở nhiệt độ phòng từ 28 đến 32 độ C thì dùng trong 24 tiếng.;
- Nếu để ngăn mát tủ lạnh thì hạn sử dụng lên đến 3 ngày, khi ăn hâm viba 10s là bánh mềm ngon như mới ra lò.;
Chúc các bạn thành công với món bánh mì phô mai bơ tỏi Hàn Quốc theo công thức này nhé!;
Hot mom Huỳnh Phương Trang hiện đang định cư tại Canada cùng chồng và hai con trai. Với các công thức làm bánh, nấu ăn kĩ càng đến từng chi tiết, cô nhận được sự tin tưởng và trân quý của không ít chị em yêu thích nấu ăn.;
Công thức thạch rau câu bắp cực hot;
"Bí quyết và loạt món ăn bằng nồi chiên không dầu do Trang thực hiện"",""Bước 1: Trộn bột";
Bước 2: Nhồi bột;
luôn nhồi bột ở tốc độ chậm;
Bước 3: Tạo hình;
Các bạn chia bột thành các phần nhỏ, mỗi phần nặng 30g. Sau khi chia bột thì các bạn vê tròn từng viên bột rồi đặt vào khuôn giấy cupcake như hình mẫu. Trong quá trình tạo hình, những phần bột nào chưa làm tới thì các bạn nhớ dùng khăn đậy lại để bột không bị khô.;
Bước 4: Ủ bột;
Bước 5: Nướng bánh;
(*) Lưu ý:;
Cách làm: Cho tất cả vào nồi trừ sữa bột bắp, vừa nấu vừa khuấy ở lửa nhỏ vừa đến khi kem phô mai tan hoàn toàn, hỗn hợp nóng già thì cho sữa bột bắp vào khuấy đều đến khi xốt bắt đầu đặc lại, hỗn hợp sôi nhẹ, nấu thêm khoảng 5 phút cho xốt chín hoàn toàn rồi tắt bếp. Chờ xốt nguội bớt rồi dùng màng bọc thực phẩm đậy mặt xốt lại để không bị khô, chờ xốt nguội hoàn toàn rồi cho vào túi bắt kem chờ trang trí lên bánh.;
Cách làm:;
C - CÁCH LÀM XỐT BƠ TỎI;
Nguyên liệu xốt bơ tỏi:;
- Muối: 2g;
- Mật ong: 30g;
- Xốt phô mai (trích từ xốt phô mai ở phần B): 30g;
- Bơ lạt: 20g;
- Bước 1: Cho trứng gà, muối, whipping cream, mật ong, lá parsley (nếu thích), sốt phô mai vào tô trộn đều rồi để sang một bên.;
- Bước 2: Cho bơ lạt vào chảo rồi bật lửa thật nhỏ để bơ tan ra mà không bị cháy, sau đó cho tỏi vào khử sơ đến khi có mùi thơm thì tắt bếp, chờ bơ tỏi nguội rồi cho vào hỗn hợp ở Bước 1, trộn đều là xong.;
- Cách 1: Sau khi nướng xong vỏ bánh, các bạn nhúng bánh vào xốt bơ tỏi rồi đem nướng nhiệt 160 độ C trong 12 phút. Sau đó các bạn đợi bánh nguội chút rồi dùng dao răng cưa để cứa bánh theo hình dấu cộng, nhớ chỉ cứa khoảng 2/3 thôi để bánh không bị đứt rồi bơm xốt phô mai vào. Trang chọn cách này để xốt phô mai được tan chảy nhiều hơn khi chúng ta xé bánh ra ăn.;
- Cách 1:;
- Cách 2: Sau khi nướng xong vỏ bánh, các bạn dùng dao răng cưa cứa bánh ra. Sau đó các bạn bơm xốt phô mai vào khe hở của bánh rồi nhúng bánh vào xốt bơ tỏi, tiếp đến xếp lên khay đem nướng nhiệt 160 độ trong 12 phút là xong. Với cách làm này, phần xốt phô mai sẽ khô hơn một chút và ít tan chảy hơn.;
- Cách 2:;
Xem thêm một vài món ăn đã được Trang chia sẻ trên chuyên mục Ăn ngon Khéo tay bằng cách bấm vào tiêu đề của món ăn:;
"Cách nấu 2 món chè ngon chỉ bằng nồi cơm điện"",https://afamily.vn/doc-quyen-hot-mom-huynh-phuong-trang-chia-se-cong-thuc-banh-mi-pho-mai-bo-toi-han-quoc-cuc-dinh-20200321230221044.chn";
"Hóng cách làm ""bánh mỳ dân tổ"", khỏi phải xếp hàng đông nghịt lúc 3h sáng!,,""Bánh mỳ vốn là món ăn quen thuộc, thường nhật của rất nhiều người. Đặc biệt hơn nữa, món ăn này có thể thưởng thức vào bất cứ thời điểm nào trong ngày, bất kể ngày hay đêm, và rất dễ mua nữa.";
Thế nhưng bạn có hay, có một cửa hàng bánh mỳ cực dị - chỉ mở vào tầm 3h sáng, kết thúc lúc 6h sáng - khi hầu hết mọi người say giấc nồng không?;
"Vâng, hàng bánh mỳ đó cũng có cái tên thật lạ - """"bánh mỳ dân tổ"""".";
"Sở dĩ được gọi là """"bánh mỳ dân tổ"""" vì ban đầu quán bánh mỳ này thường phục vụ các thanh niên chơi khuya ở Hà Thành hoặc những người làm nghề buôn bán thường phải thức khuya dậy sớm.";
Không giống các loại bánh mỳ kẹp khác, bánh mỳ dân tổ có công thức chế biến riêng. Nếu như bánh mỳ thông thường, phần nhân được để riêng, kẹp nguyên miếng vào bên trong thì ở bánh mỳ này, phần nhân được trộn chung với nhau rồi xào lên.;
công thức chế biến riêng;
phần nhân được trộn chung với nhau rồi xào lên.;
Điều đó có nghĩa là, các nguyên liệu như hành tây, trứng, pate, xúc xích, chả, lạp xưởng, bò khô, bơ... được cho lần lượt vào một chiếc chảo để xào lên cùng nhau.;
các nguyên liệu như hành tây, trứng, pate, xúc xích, chả, lạp xưởng, bò khô, bơ... được cho lần lượt vào một chiếc chảo để xào lên cùng nhau.;
Hỗn hợp này thoạt nhìn có thể sẽ khiến bạn cảm thấy hơi ngấy một chút nhưng khi được cho vào chiếc bánh mì đã phủ sẵn dưa chuột, rau... thêm xíu ớt thì lại cho ra hương vị thú vị không ngờ.;
"Như vậy, để làm được món bánh mỳ dân tổ này tại nhà không hề khó phải không bạn? Chỉ cần chuẩn bị sẵn sàng các nguyên liệu theo sở thích của mình cùng nguyên liệu """"nền"""" như trứng, pate và bơ là bạn có thể làm ra được chiếc bánh mỳ dân tổ để thưởng thức tại nhà bất cứ lúc nào mà chẳng cần phải xếp hàng lúc 3h sáng!";
"Bánh mỳ giòn, quyện với phần nhân bên trong sền sệt và dưa chuột giúp bớt ngán khiến người ăn thấy """"đã"""" ngay từ miếng cắn đầu tiên.";
"Thử tượng tượng xem, cảm giác bạn cắn miếng bánh mì đã có đủ đầy chả, xúc xích, trứng, pate... chứ không phải miếng chỉ có chả, miếng có mỗi trứng... như bánh mì kẹp thường thì cũng tuyệt phải không?"",""Nhưng cũng nhờ sự đặc biệt trong cách chế biến cùng nhiều loại nhân, """"bánh mỳ dân tổ"""" đã khiến nhiều người tò mò, quyết chí chờ đến 3h sáng xếp hàng để ăn thử cho bằng được.";
"Thử xem bánh mỳ dân tổ được làm thế nào nhé!"",https://afamily.vn/hong-cach-lam-banh-my-dan-to-khoi-phai-xep-hang-dong-nghit-luc-3h-sang-20191101003954518.chn";
"Nhà có bánh mỳ dư, tôi làm món ăn vặt này mọi người ăn hết ngay trong 3 nốt nhạc,,""Bạn cần chuẩn bị những nguyên liệu sau cho món ăn vặt này:";
Bạn cần chuẩn bị những nguyên liệu sau cho;
Trong một cái bát lớn, lần lượt thêm vụn bánh mì,  hành tây, rau mùi, gừng, ớt xanh, muối, hạt tiêu, hạt thì là và sữa chua vào,  trộn đều đến khi hỗn hợp quyện vào nhau.;
Dùng tay nặn bánh thành những viên tròn vừa ăn rồi  ấn dẹt. Làm tương tự với những miếng bánh còn lại cho đến khi hết nguyên liệu.;
Bắc chảo ngập dầu lên bếp đun nóng, lần lượt thả từng miếng bánh mì vào chiên đến  khi chín vàng đều hai mặt thì vớt ra đĩa có lót sẵn giấy thấm dầu.;
Đĩa bánh mì chiên vàng ruộm, thơm phức trông vô  cùng hấp dẫn thế này thì chắc hẳn ngay cả những người khó tính nhất cũng khó  lòng mà chối từ. Món ăn vặt này sẽ càng thêm phần ngon miệng khi ăn cùng tương ớt cay nồng  đấy!;
"Chúc các bạn thành công và ngon miệng!"",""này:";
- 4 lát bánh mì sandwich;
- 1 củ hành tây, thái nhỏ;
- 3 nhánh rau mùi, thái nhỏ;
- 15gr gừng, thái nhỏ;
- 3 trái ớt xanh, thái nhỏ;
- 7gr muối;
- 5gr hạt tiêu;
- 5gr hạt thì là;
- 30gr sữa chua;
#NAME?;
Cách làm:;
Cho bánh mì vào máy xay, xay vụn.;
Thành phẩm;
"(Nguồn: kannammacooks)"",https://afamily.vn/nha-co-banh-my-du-toi-lam-mon-an-vat-nay-moi-nguoi-an-het-ngay-trong-3-not-nhac-20190313104625552.chn";
"Gần 30 người nhập viện nghi do ngộ độc sau khi ăn bánh mỳ ở Đà Nẵng,,""Trước đó, ngày 23/1, sau khi ăn bánh mỳ tại quầy Q.H (trên đường Văn Tiến Dũng, P. Hòa Xuân, quận Cẩm Lệ, Đà Nẵng), nhiều thực khách đã có biểu hiện chóng mặt, ói mửa phải nhập viện.";
Theo chị Thanh Tuyền (đang nằm điều trị tại Bệnh viện Tâm Trí), sáng 23/1, khoảng 2 tiếng sau khi ăn bánh mỳ tại cơ sở này ăn thì bị có các triệu chứng ngộ độc như nôn mửa, đi ngoài.;
"Tôi mua thuốc uống nhưng không thuyên giảm. Đến ngày 24-1, khi thấy sức khỏe yếu quá, bụng quặn đau nên gia đình đưa đi nhập viện điều trị""""- chị Tuyền kể.";
Ngay sau khi nhận được thông tin, ban Quản lý An toàn thực phẩm TP Đà Nẵng và các đơn vị đã ngay lập tức tiến hành kiểm tra cơ sở này và lấy các mẫu (bánh mỳ, chả, rau...) để đi xét nghiệm.;
Được biết, có khoảng 27 người phải nhập viện với các triệu chứng ngộ độc giống nhau sau khi mua bánh mỳ của cơ sở này ăn.;
Các nạn nhân đang điều trị tại bệnh viện;
Liên quan đến vụ việc, tối cùng ngày, Bệnh viện đa khoa Tâm Trí (TP Đà Nẵng) cho biết, hiện bệnh viện đang tiến hành điều trị, theo dõi cho hơn 25 bệnh nhân được nhập viện vào ngày 24/1 do bị ngộ độc thực phẩm trên địa bàn phường Hòa Xuân (quận Cẩm Lệ).;
"Hiện tại khoa Nội B, có 9 bệnh nhân vẫn đang được điều trị, theo dõi sau khi được nhập viện khẩn cấp trong tình trạng đau bụng, ói mửa liên tục mặc dù đã tự đi mua thuốc tây để uống vào ngày 24-1. Tại khoa Nội A, khoa Hồi sức và khoa Nhi, các bệnh nhân còn lại vẫn đang được điều trị với triệu chứng viêm dạ dày ruột cấp tính."",""Tiệm bánh mì nơi xảy ra vụ việc";
"Hiện lực lượng chức năng đã lấy tất cả các mẫu vật liên quan đưa đi xét nghiệm để tìm nguyên nhân. Sau khi có kết quả cụ thể, chúng tôi sẽ có những bước xử lý, xử phạt chính thức"""", ông Hải nói."",https://afamily.vn/gan-30-nguoi-nhap-vien-nghi-do-ngo-doc-sau-khi-an-banh-my-o-da-nang-20190126112032253.chn";
"Chọn ""Bánh mì"" làm National Costume, H'Hen Niê đang đi thi Hoa hậu hay làm mẫu trưng bày hội chợ ẩm thực đây?,,""H'Hen Niê, câu chuyện quốc phục hay những chiêu trò làm lố - quả thực là cái đáng để người ta tranh cãi trong mấy ngày này.";
"Sẽ là không sai, nếu chúng ta thử một lần đổi mới, không chọn quốc phục liên quan đến hình ảnh con rồng cháu tiên, mẹ Âu Cơ hay đại để là những yếu tố na ná như thế. Nhưng sẽ là quá mạo hiểm và (hơi) sai nếu chọn """"Bánh Mì"""" làm National Costume, làm vũ khí chinh chiến cho H'Hen Niê tại đấu trường sắc đẹp quốc tế.";
"Một bộ trang phục, đầu tiên phải đảm bảo tính thẩm mĩ. Vì sao? Vì chúng ta đang đi thi một cuộc thi sắc đẹp cơ mà? Xin in đậm và nhấn mạnh, đây là Miss Universe - Hoa Hậu Hoàn Vũ chứ không phải đại hội cosplay khu vực toàn quốc hay hội chợ sáng tạo trẻ 2 lẻ 18. Riêng về hạng mục này, """"Bánh mì"""" xem chừng vẫn chưa làm được. Cả hai phiên bản """"Bánh mì"""" đỏ trước đó lẫn bản """"Bánh mì"""" nude mới đây đều thoi thóp nằm ở hạng mục """"khó cảm"""". Thiết kế thô thiển của chúng chỉ khiến người ta cảm thấy hơi ngột ngạt. Đẹp đâu chưa thấy, chỉ thấy sặc mùi dầu mỡ và rau héo, nghĩ đã thấy khó ăn...";
"Phiên bản đầu tiên của """"Bánh mì"""" đã khó cảm lắm rồi, nhưng cũng không thể bằng phiên bản mới đây.";
"Đó là còn chưa nói tới việc, nó hoàn toàn chẳng tôn được bất kỳ vẻ đẹp gì của H'Hen Niê. Không hợp màu da, chẳng xứng dáng vóc thì thử hỏi H'Hen Niê mặc bộ này để làm gì? Khi nó chẳng giúp cô đẹp lên tí chân kính nào. À, tới đây thì có thể nảy ra một khía cạnh khác. """"Bánh mì"""" sẽ giúp cô tạo ấn tượng.";
Cần đặt ngay một dấu chấm hỏi với bộ đồ mang đi thi National Costume này.;
Nhưng, ấn tượng ở đây là ấn tượng mang tính tích cực hay thực tế chỉ là lớp vỏ bọc cho yếu tố gây shock?;
"National Costume nên hoàn thành tốt nhiệm vụ ở việc toát lên tinh thần dân tộc nhưng chẳng hạn nếu chọn bánh mì, thì há chẳng phải đang nói rằng tinh thần của chúng ta là ăn? Ăn, ăn nữa, ăn mãi? Xét về điểm ý tưởng, ta tạm cho là sáng tạo nhưng kì tình, """"Bánh mì"""" sẽ hợp với hội chợ ẩm thực hơn là một cuộc thi sắc đẹp mang tầm cỡ quốc tế.";
Quyết định chọn bộ đồ vừa không có tính thẩm mỹ, lại chẳng mang được nhiều ý nghĩa thâm sâu gì (ngoài việc nó gợi nhớ đến món ăn nổi tiếng nhất nhì Việt Nam) xem chừng là một quyết định chẳng mấy thông minh. Và vì thế cũng không có gì làm lạ, khi cư dân mạng phản ứng dữ dội thế này.;
"Ngoài """"Bánh mì"""", H'Hen Niê có thể chọn những bộ khác đẹp hơn cơ mà?"",Miss Universe - Hoa Hậu Hoàn Vũ,https://afamily.vn/chon-banh-mi-lam-quoc-phuc-hhen-nie-dang-di-thi-hoa-hau-hay-lam-mau-trung-bay-hoi-cho-am-thuc-day-20181124144653414.chn";
"Trưa nào tôi cũng ăn món này, sau 1 tuần giảm cả 2kg!,,""- 72g kem phô mai (creamcheese)";
Dâu tây cắt bỏ phần cuống, bổ làm đôi. Cam và kiwi bạn cắt thành những lát mỏng tròn.;
Tiếp đến, nhẹ nhàng xếp trái cây lên trên. Làm tương tự với những lát bánh mì còn lại.;
Cuối cùng, bạn dùng dao cắt phần rìa xung quanh bánh và cắt đôi bánh ra là hoàn tất. Cho bánh ra đĩa, trang trí thêm một vài lá bạc hà lên trên mặt cho bắt mắt.;
Với thời gian chuẩn bị chỉ khoảng 15-20 phút là tôi đã có bữa trưa đầy dinh dưỡng và lại ngon miệng nữa! Với bữa trưa như thế này tôi có thể ăn nhiều bao nhiêu tùy thích cho thật no rồi buổi tối chỉ ăn salad nhẹ nhàng, sau 2 tuần tôi giảm 2kg và cảm thấy cơ thể mình nhẹ nhõm hẳn đi so với lúc trước.;
Chúc các bạn thành công và ngon miệng với món ăn giảm cân này nhé!;
"Có một loại đồ uống giúp giảm tới 3kg trong vòng 5 ngày được Hot mom Sài Gòn Huỳnh Phương Trang chia sẻ, bạn có muốn thử không? Hãy bấm VÀO ĐÂY nhé!"",""Nguyên  liệu:";
- 3 lát bánh mì sandwich - chọn loại bánh mỳ đen nguyên cám;
- 5 quả dâu tây;
- 1 quả cam vàng;
- 2 quả kiwi;
#NAME?;
Bước 1;
Bước 2;
Phết đều kem phô mai lên mặt bánh mì.;
Bước 3;
Bước 4:;
"(Nguồn: wtable)"",https://afamily.vn/trua-nao-toi-cung-an-mon-nay-sau-1-tuan-giam-ca-2kg-20181119104710254.chn";
"Giòn tan thơm phức món bánh mỳ bơ tỏi truyền thống,,""-  1 thìa canh mật phong, hoặc mật ong";
-  40g bơ mặn. Nếu dùng bơ nhạt thì thêm 1/3 thìa cà phê muối.;
-  1 thìa cà phê đường;
-  1 thìa cà phê tỏi băm;
-  ½ thìa cà phê lá mùi tây khô băm nhỏ hoặc 1 thìa cà phê lá mùi tươi băm nhỏ;
Cắt bánh mỳ thành từng lát dày khoảng 1cm, chừa khoảng 1 chút ở mặt dưới bánh mỳ, không cắt đứt hoàn toàn.;
Cho bơ (và muối nếu dùng bơ nhạt) vào lò vi sóng quay vài giây cho bơ chảy.;
Cho tỏi, mùi, đường vào bơ, trộn đều đến khi đường tan.;
Rưới đều mật ong lên bánh mỳ.;
Làm nóng lò nướng ở 160oC trước 10 phút, tách các lát bánh mỳ ra một chút rồi cho khay bánh vào nướng từ 8-10 phút đến khi bánh vàng giòn.;
"Bánh  mỳ nướng bơ tỏi bên ngoài giòn rụm, bên trong hơi mềm, vị tỏi quyện vào vị ngọt  của mật ong, hơi mằn mặn thơm bơ, cảm giác chỉ cần cho một miếng vào miệng  thôi là đánh thức toàn bộ vị giác. Bạn có thể dùng bánh mỳ nướng bơ tỏi kèm  với một ly sữa là đã có một bữa sáng hoàn hảo rồi."",""Nguyên liệu:";
#NAME?;
Cách làm:;
Bước 1;
Bước 2;
Bước 3;
Lót giấy bạc vào khay, đặt bánh mỳ lên khay. Đổ hỗn hợp bơ tỏi ở bước 3 lên bánh mỳ, đổ đều vào giữa các lát bánh mỳ.;
Bước 4;
Bước 5;
Chúc  các bạn thành công!;
"Nguồn:  blogsina"",https://afamily.vn/gion-tan-thom-phuc-mon-banh-my-bo-toi-truyen-thong-2018092820195478.chn";
"Bánh mì ngọt mềm ẩm thơm ngon chỉ muốn ăn hoài ăn mãi,,""70g đường";
1 quả vani hoặc 1 thìa cafe vani;
1,5 thìa cafe men nở;
1/2 thìa cafe muối;
340g bột mì đa dụng;
85g bơ;
85g sữa tươi;
170g sữa chua Hy Lạp (hoặc sữa chua thường không đường);
30g mứt vỏ cam;
30g quả mơ sấy khô;
55g nho khô;
1/2 thìa cafe bột quế;
1/4 thìa cafe bột hạt mùi;
1/4 thìa cafe bột nhục đậu khấu;
1 lòng đỏ trứng;
1,5 thìa cafe sữa tươi không đường;
Phần đường trang trí mặt bánh:;
57g đường bột;
1 thìa cafe sữa tươi không đường;
1/4 thìa cafe vani;
Cho đường và vani vào tô to trộn đều sau đó cho bột mì, men nở, muối vào trộn cùng.;
Cho bơ lên bếp đun cho chảy nhớ đun nhỏ lửa khi bơ tan hoàn toàn thì bắc xuống tiếp đó cho sữa tươi và sữa chua vào trộn đều.;
Đổ hỗn hợp sữa vào phần bột khô, trộn đều. Nếu có máy trộn bột thì cho vào máy trộn ở tốc độ thấp trong 7 phút rồi tăng tốc độ trung bình thêm 10 phút nữa. Còn nếu không có máy bạn có thể nhào bột bằng tay. Bạn nhào bột chừng 20 phút hoặc khi thấy bột có thể kéo màng mỏng là được.;
Đậy một khăn ẩm lên mặt bột, ủ bột khoảng 1,5 giờ đến khi bột nở gấp đôi là được.;
Chia bột thành 15 phần bằng nhau. Hoặc bạn có thể chia to hơn nếu muốn.;
Dùng màng bọc thực phẩm ủ bột lần 2 trong khoảng 1,5 giờ. Sau thời gian ủ, lấy khay bánh đã ủ ra. Hòa lòng đỏ trứng với sữa tươi, sau đó phết lên mặt bánh. Dùng dao sắc khía hình chữ thập trên mặt bánh để giúp bánh nở tốt hơn khi nướng. Bật lò nướng ở 176 độ C, làm nóng lò trước khoảng 10 phút. Sau đó cho bánh vào nướng.;
Cho bánh vào nướng khi thấy mặt bánh xém vàng nâu thì hạ nhiệt xuống 98 độ, nướng tiếp, tổng thời gian nướng bánh là 20 phút. Khi bánh chín lấy ra ngoài, đặt khay bánh lên rack cho nguội bớt.;
Cho phần đường bột, sữa, muối vào nồi, đặt lên bếp nấu cho tới khi đường tan hoàn toàn, các nguyên liệu đồng nhất.;
Cho đường vào túi bắt kem, cắt lỗ nhỏ rồi phun lên mặt bánh theo đường kẻ caro là được.;
"Như vậy là bánh mì ngọt đã hoàn thành rồi, bánh sẽ ngon nhất khi được thưởng thức lúc vừa nướng xong nhưng bạn cũng có thể để nguội rồi bảo quản trong túi nilong, thời gian được vài ngày đấy nhé!"",""Nguyên liệu:";
"Bánh da lợn cuộn lạ mắt ngon miệng ai cũng phải khen,,""Để làm bánh da lợn cuộn bạn cần chuẩn bị những nguyên liệu sau đây:";
110g đậu xanh;
300g bột năng;
100g bột gạo tẻ;
650ml nước cốt dừa;
370g đường;
Trộn đều đường, bột với nhau. Nước cốt dừa hoà thêm 350ml nước để được 1 lít nước cốt dừa loãng.;
Đậu xanh rửa sạch ngâm 3h cho nở mềm sau đó cho vào nồi thêm nước xăm xắp, đun sôi, đổ bớt nước đi, đậy vung đun tiếp cho đậu chín bằng hơi.;
Khi thấy đậu bở, dùng tay bóp nhuyễn được, thì bỏ đậu ra ngoài cho nguội.;
Bột đã trộn đều thì hoà với 1 lít nước cốt dừa, lọc qua rây để được hỗn hợp bột mịn.;
Chia đôi hỗn hợp bột, 1 nửa đem xay chung với đậu xanh cho mịn, nếu cần lại rây thêm 1 lần nữa.;
Khi thấy bột chuyển màu trong suốt, thì đố đến lớp đậu xanh lên trên. Yêu cầu là khối lượng đổ các lớp nên đồng đều để ta thu được thành phẩm có các lớp màu bằng nhau.;
"Sau đó để bánh nguội hoàn toàn thì dùng dao sắc lưỡi mỏng để cắt bánh thành từng lát."",""10 lá dứa";
Lá dứa rửa sạch, cho vào máy xay nhuyễn, lọc lấy nước cốt.;
Như vậy sẽ có 2 phần bột với màu xanh lá dứa và màu ngà của đậu xanh.;
Chuẩn bị nồi hấp, đặt khuôn đã phết 1 lớt dầu ăn để chống dính hoặc đặt 1 tờ giấy nến lên. Đổ bột màu xanh lên. Đây vung lại, nhớ bọc miếng vải cho vung để không bị nhỏ nước.;
Khi đậu chín thì lại đổ 1 lớp bột xanh, thực hiện lần lượt cho tới hết.;
Lấy bánh ra ngoài, nếu có lót giấy nến thì nhấc bánh ra khỏi khuôn luôn để cho nguội nhanh còn nếu không đợi bánh nguội bớt thì lấy ra khỏi khuôn. Khi bánh vẫn còn ấm thì cuộn bánh lại, cuộn chặt tay và dứt khoát để bánh không bị tuột.;
"Chúc bạn thành công!"",https://afamily.vn/banh-da-lon-cuon-la-mat-ngon-mieng-ai-cung-phai-khen-20160408122616708.chn";
"Món ngon cuối tuần: Mì Quảng thịt gà ngon khó cưỡng,,""Bạn cần chuẩn bị những nguyên liệu sau cho món mì Quảng thịt gà:";
1kg mì Quảng;
500g thịt gà;
200g măng khô;
Rau cải, bắp chuối, húng lủi, hành ngò;
Đậu phộng rang, bánh tráng nướng;
Măng khô rửa sạch, ngâm nước khoảng 15 phút rồi cho vào nồi hầm. Khi măng đã nhừ thì vớt ra để ráo.;
Thịt gà chặt khúc vừa ăn sau đó ướp cùng với muối, hạt nêm, tiêu và hành tăm giã nhuyễn.;
Bắc nồi lên bếp rồi cho hành tăm vào phi thơm. Hành tăm bắt đầu vàng thì cho gà vào đảo thật nhanh tay.;
Khi gà gần chín thì cho măng vào xào cùng gà. Đổ nước vào lấp xấp mặt gà, đậy vung nấu khoảng 10-15 phút nữa cho đến khi gà chín hẳn là được.;
"Cho mì Quảng trụng qua nước nóng ra tô. Sau đó chan nước dùng, thịt gà ra lấp xấp cùng một lớp đậu phộng rang và hành ngò. Mì Quảng gà ăn kèm với rau sống, bánh tráng nướng và nước mắm tỏi ớt."",""Gia vị, chanh, ớt"",https://afamily.vn/mon-ngon-cuoi-tuan-mi-quang-thit-ga-ngon-kho-cuong-20151204020323479.chn";
Những món bánh dân dã miền Trung nhắc đến là thèm,,,,https://afamily.vn/nhung-mon-banh-dan-da-mien-trung-nhac-den-la-them-20150922103653969.chn;
Review chợ đặc sản miền Trung giữa lòng Sài Gòn,,,,https://afamily.vn/review-cho-dac-san-mien-trung-giua-long-sai-gon-20150803022056872.chn;
